编号,场景,日期,海域,地点,标题,攻击方,防御方,域,组织形态,结果,攻击手段,防御手段,损失,可信度,纬度,经度,出处数,首条出处
岛-01,岛屿防卫,2023-01-01 至 2026-05-08,南海,南沙群岛越占岛礁，重点为柏礁（Barque Canada Reef / Bãi Thuyền Chài，菲称 Mascardo Reef）、大现礁（Discovery Great Reef）、六门礁（Alison Reef）、东礁（East Reef）等,越南南沙21处据点全部吹填，柏礁建跑道,不适用（本案为一方岛礁扩建与设防；主张方为中国、菲律宾等）,越南人民军海军及驻南沙部队,岸基、工程,集群,防务建设（非袭击事件）,不适用。中方以外交表态反对；未检索到中方对越南扩建采取现场执法行动的公开记录。,疏浚吹填造陆、挖掘航道与港池；修建跑道（柏礁约3000米）、弹药库、港口等设施。,无人员伤亡。礁盘破坏约4120英亩（AMTI口径，含航道港池）。,A,8.17,113.3,12,https://amti.csis.org/keeping-score-vietnams-spratly-island-overhaul-continues/
岛-02,岛屿防卫,2024-01-05 至 2024-01-08,日本海-朝鲜半岛,韩国西北岛屿：延坪岛（Yeonpyeong）、白翎岛（Baengnyeong）附近海域，北方界线（NLL）以北缓冲区,朝鲜连炮三日，延坪岛居民入避难所,朝鲜人民军（海岸炮兵，具体部队未公开）,韩国联合参谋本部（JCS）、驻延坪岛与白翎岛陆战队,岸基,集群,灰色地带对峙,海岸炮射击，落点在北方界线以北、依2018年南北军事协议划定的海上缓冲区：1月5日约9时与11时两轮，韩方称超过200发；1月6日16时至17时，延坪岛西北方向超过60发；1月8日16时至17时10分前后，延坪岛以北约90发（《韩国先驱报》转引韩军）。炮弹型号未公布。,韩国陆战队在岛上实弹射击回应（1月5日，国防部口径）；延坪岛居民依广播入避难所约12时至14时30分；渡轮停航；联合参谋本部持续监控并公开通报。后续未对等还击：韩军消息人士称无以牙还牙计划（1月8日）。,无人员伤亡与财产损失（联合参谋本部口径）；经济代价为渡轮停航与居民疏散，数字未公布。,B,37.67,125.7,7,https://stripes.com/theaters/asia_pacific/2024-01-05/north-korea-artillery-barrage-12561337.html
岛-03,岛屿防卫,2024-02-14 至 2024-02-19,台海,金门（Kinmen）周边海域，北碇岛（Beiding）附近及水头港（Shuitou）外海，台湾福建沿海,金门快艇翻覆二死，海警转入登检台湾游船,无单一攻击方：2月14日为台湾海巡署执法追缉过程中的碰撞（涉事快艇，台方称“三无”）；2月19日为中国海警局福建海警艇登检台湾观光船,"台湾海巡署（Coast Guard Administration, CGA）金马澎分署；被登检的台湾观光船“King Xia”（中文船名待核）",水面,单平台,灰色地带对峙,2月14日：大陆籍小型快艇（台方称无船名、无登记）载4人，在台方所称禁止水域内被追缉，先蛇行规避，后急右转，艇尾撞及海巡署巡逻艇右前舷后翻覆。2月19日：2艘中国海警艇拦截台湾观光船，6名海警人员登船检查证件与航线。,海巡署巡逻艇开启警示灯与警笛高速接近，翻覆后救起4名落水者送金门医院；2月19日海巡署另派巡逻艇赶赴现场，护送观光船返回水头港。未使用武器。,快艇乘员2人死亡、2人获救（台方口径）；台方人员无伤亡报道（未检索到公开记录）；观光船23名乘客受到惊扰，未受伤。,B,24.45,118.4,10,https://en.wikipedia.org/wiki/2024_Kinmen_Chinese_motorboat_capsizing_incident
岛-04,岛屿防卫,2024-02-18 至 2026-08-05,台海,金门（Kinmen）周边限制水域，含烈屿（Lieyu）南方、大担、二担附近，台湾福建沿海,海警金门“常态巡查”两年，每月约四次,中国海警局福建海警（中国海警局东海分局口径；通常4艘编队）,台湾海巡署金马澎分署、金门海巡队,水面,集群,灰色地带对峙,海警艇4艘左右一组，分两路或从南方进入金门限制水域，停留约两小时即离开；2024年5月曾单次出动11艘，创当时纪录；2026年6月18日连续两天出现并关闭 AIS。未见使用武器或水炮的公开报道。,海巡署巡逻艇一对一跟监，中英文广播要求转向离开，必要时公布影像；对关闭 AIS 的海警船仍能发现并驱离。未使用武器。,无人员伤亡或装备损失的公开报道（2024年2月14日事件另案）。持续性代价：海巡署跟监的人力、艇时与燃油消耗，数字未公布。,B,24.43,118.33,13,https://www.cna.com.tw/news/aloc/202608050314.aspx
岛-05,岛屿防卫,2024-04-01 至 2026-05-08,南海,吕宋岛北部伊罗戈斯省拉瓦格（Laoag），巴坦群岛巴斯科（Basco）、巴坦岛，吕宋海峡（Luzon Strait / 巴士海峡方向）,“堤丰”“海军打击导弹”进驻吕宋北部和巴坦,不适用（演习与前沿部署）,美国陆军第3多域特遣队（3rd MDTF）“堤丰”中程能力系统（MRC）；美国海军陆战队第3濒海团中程导弹连（NMESIS）；菲律宾陆军、菲海军陆战队第4旅；2026年日本陆上自卫队参演,岸基、空中、水面,异构,防务建设（非袭击事件）,不适用。,“堤丰”MRC（可发射“战斧”巡航导弹、SM-6）；NMESIS无人岸基反舰导弹发射车（“海军打击导弹”NSM）；HIMARS；日本88式岸舰导弹（2026年实射）；C-130空运机动部署。,无。,A,20.45,121.97,10,https://www.navalnews.com/naval-news/2025/04/u-s-deploys-anti-ship-missiles-near-taiwan-in-the-luzon-strait/
岛-06,岛屿防卫,2024-05-23 至 2024-05-24,台海,台湾海峡、台岛北部/南部/以东海空域，金门、马祖、乌丘、东引周边海域,联合利剑-2024A首次圈入金门马祖等离岛,解放军东部战区（陆、海、空、火箭军）、中国海警局,台湾防务部门及台军、海巡署,空中、水面、岸基,集群、异构,灰色地带对峙,东部战区在多个方向同时划设演习区，出动战机、海军舰艇与海警船；台方第一日14时统计为飞机42架、作战舰艇15艘、海警船16艘，其中海警船4艘在台湾东部、3艘在东南、9艘在金门与马祖附近；两日合计为飞机111架次、舰船53艘（Jamestown、台湾新闻媒体转引，国防部原始发布待核）。,台湾防务部门依“经常战备时期突发状况处置规定”派遣兵力应对，持续通报解放军军机、解放军舰艇动态；海巡署对金门、马祖附近海警船监控。未使用武器。,无人员伤亡或装备损失的公开报道。成本方面：台方空军战机、海军与海巡署监控兵力的出动与燃油消耗，数字未公布。,A,24.5,120.5,9,https://jamestown.org/joint-sword-2024a-blockades-and-gray-zone-tactics/
岛-07,岛屿防卫,2024-06-13 至 2026-08-10,波罗的海-北海,瑞典哥特兰岛（Gotland，首府维斯比Visby）；丹麦博恩霍尔姆岛（Bornholm）；格但斯克—哥特兰之间海域；坐标取哥特兰岛，为近似值,哥特兰强化驻防，博恩霍尔姆GNSS干扰年年翻番,GNSS干扰源未能识别；专家与丹麦媒体怀疑来自俄罗斯，俄方否认,瑞典武装部队（哥特兰防务）；丹麦博恩霍尔姆测量站及丹麦当局；北约“极光26”（Aurora 26）参演部队,电磁、岸基,电磁/GNSS干扰、集群,灰色地带对峙,GNSS（全球导航卫星系统）干扰与欺骗：博恩霍尔姆测量站记录到的干扰/欺骗事件，2024年11次、2025年16次、2026年截至8月10日的报道时已达30次；此前多数干扰不超过20分钟，7月29日格但斯克与哥特兰之间区域曾整日没有可用信号。干扰源位置、发射设备未公开。,"岛屿防御方面：瑞典举行“极光26”演习，自4月底起约18,000名军人（12个北约国家和乌克兰）在陆、海、空展开，想定含哥特兰因破坏而断电、缺粮。导航方面：船舶转用雷达、纸海图与目视航行，民航依靠惯性导航。另有聚合站转引Politico称瑞典已向哥特兰防务投入逾2亿欧元、重启防空并部署CV90步兵战车与豹2坦克，2028年起接收IRIS-T中程防空系统（原文未取得，待核）。",无人员伤亡与设施损坏报道。GNSS干扰造成的航运延误、航班调整的量化损失未检索到公开记录。,C,57.47,18.49,8,https://pravda.com.ua/eng/news/2026/08/10/8048052
岛-08,岛屿防卫,2024-10-14,台海,台湾海峡、台岛北部/南部/以东海空域,联合利剑-2024B首次明示封控要港,解放军东部战区（陆、海、空、火箭军）、中国海警局（2901、1305、1303、2102编队）、辽宁舰航母编队,台湾防务部门及台军、海巡署,空中、水面、岸基,集群、异构,灰色地带对峙,战机、海军舰艇、火箭军与海警船协同；东部战区宣布的科目含联合海空战备警巡、要港要域封控、对海对陆打击、夺取综合制权（中国国防部/东部战区口径，经媒体转述）；海警局宣布4个编队（2901、1305、1303、2102）环台岛执法巡查；辽宁舰编队在台岛以东海空域进行舰机协同、联合制空、对海对陆打击演练。,台湾防务部门依“台军经常战备时期突发状况处置规定”派遣适当兵力应对，强烈谴责并持续通报；台湾地区领导人召开国安会议；未使用武器。,无人员伤亡或装备损失的公开报道。,B,23.7,121.5,8,https://news.usni.org/2024/10/14/china-targets-taiwan-in-major-military-exercise-pentagon-condemns-irresponsible-action
岛-09,岛屿防卫,2024-10-17 至 2026-06-18,南海,燕子礁（Layang-Layang / Swallow Reef，马来西亚占据）、海军Lima站；沙捞越民都鲁,马来西亚拟在燕子礁部署对空监视雷达,无直接攻击方（背景：海警长期在沙捞越外海存在、外国船只闯入）,马来西亚皇家海军、皇家空军,空中、水面,单平台,防务建设（非袭击事件）,不适用。,燕子礁海军Lima站新增对空监视雷达（2029年前投入运行，与既有海上监视雷达互补）；Lima站另有可连续飞行约7小时的无人机；民都鲁新建海军基地（东部舰队司令部下的第4海军区），计划2030年建成；皇家空军在民都鲁、Bukit Puteri（登嘉楼）、Bukit Lunchu（柔佛）部署防空雷达。,不适用。,B,7.37,113.84,5,https://www.nst.com.my/amp/news/nation/2026/06/1464781/air-defence-radar-boost-south-china-sea-surveillance-2029
岛-10,岛屿防卫,2024-12-10,东海-西太,关岛（Guam），安德森空军基地（Andersen Air Force Base）及其西太平洋方向海域,关岛首次弹道导弹拦截试验，SM-3 IIA命中,无实际攻击方：L3Harris公司研制的MRBM Type 1中程弹道导弹靶弹（试验靶标）,美国导弹防御局（MDA）；宙斯盾关岛系统（Aegis Guam System，洛克希德·马丁公司集成）；美国空军试验中心全球到达联合试验部队（据 Edwards/AFTC 稿标题）,空中、岸基,单平台,防御成功,中程弹道导弹靶弹（L3Harris MRBM Type 1，摘要口径；个别媒体称中远程）1枚，来源方式（空射/地射）本轮摘要未取得。,宙斯盾关岛系统：AN/TPY-6雷达加垂直发射系统（VLS），发射RTX公司制造的“标准-3”Block IIA（SM-3 Block IIA）1枚，拦截中程弹道导弹靶弹；陆军“综合作战指挥系统”（IBCS）未参与（MDA发言人口径）。,无损失（试验）。残骸落入海中。,A,13.58,144.92,9,https://www.navalnews.com/naval-news/2024/12/u-s-mda-conducts-first-ballistic-missile-intercept-from-guam/
岛-11,岛屿防卫,2025-01-01 至 2025-09-04,南海,纳土纳大岛（Natuna Besar）、拉奈（Ranai）Raden Sadjad空军基地,印尼升级纳土纳空军基地并拟设常驻海军陆战队,无直接攻击方（背景为北纳土纳海与中国海警的反复接触）,印度尼西亚国民军（TNI）、空军,空中、水面,单平台,防务建设（非袭击事件）,不适用。,Raden Sadjad空军基地从B型升为A型，指挥官级别由上校升至空军少将级；海军陆战队“任务单位”拟转为常设有机部队；基地为军民合用，IATA代码NTX，ICAO代码WION。,不适用。,B,3.91,108.39,2,https://en.antaranews.com/news/373985/indonesian-mily-personnel-in-natura-capable-to-defend-natuna
岛-12,岛屿防卫,2025-04-01 至 2025-04-02,台海,台湾海峡中部与南部、台岛以东海空域（含东海方向）,海峡雷霆-2025A演练扣押与打击港口,解放军东部战区（山东舰航母编队、陆海空火箭军）、中国海警局,台湾防务部门及台军、海巡署,空中、水面、岸基,集群、异构,灰色地带对峙,东部战区发言人施毅称，演习主要在台湾海峡中部与南部海域，科目包括识别查证、警告驱离、拦截扣押，检验封控与对重点目标精确打击；长程实弹演练，模拟打击“要港与能源设施”；山东舰编队在台岛以东海域进行突击演练；解放军视频以模拟爆炸画面展示对台南、花莲、台中等有军事基地与港口的城市的打击。,台湾防务部门持续通报并派遣兵力应对（4月2日24小时通报：飞机76架次、海军舰艇15艘、公务船4艘，其中37架次越过海峡中线；4月3日通报：飞机59架次、海军舰艇23艘、公务船8艘）；未使用武器。,无人员伤亡或装备损失的公开报道。,A,23.5,120.5,9,https://news.usni.org/2025/04/02/chinese-military-wraps-intimidation-drills-off-taiwan
岛-13,岛屿防卫,2025-09-22 至 2025-09-25,波罗的海-北海,丹麦哥本哈根（København）、奥尔堡（Aalborg）、埃斯比约（Esbjerg）、森讷堡（Sønderborg）、斯吕斯楚普（Skrydstrup）,丹麦两周内机场军地设施连遭无人机滋扰,不明无人机操控方；丹麦首相称哥本哈根事件“很可能”是俄罗斯所为，克里姆林宫否认；警方称现阶段无法判断目的与操控者,丹麦警方、国防部、武装力量；机场运营方,空中,集群、偷袭/突防,灰色地带对峙,多架大型不明无人机：哥本哈根报告“数架”大型无人机；奥尔堡、埃斯比约、森讷堡、斯吕斯楚普及霍尔斯特布罗（Holstebro）某军事设施另有目击。具体机型、数量与续航，本次检索未取得。,机场停航；武装力量协助警方调查；司法部长宣布增加反无人机能力并修改法律以允许机场击落无人机；丹麦曾考虑首次援引北约第4条（未作决定）。检索结果未见击落或抓获操控者的记录。,哥本哈根机场停航约4小时，奥尔堡停航约3小时；经济损失、延误航班数未检索到；无人员伤亡报道。,B,55.62,12.65,3,https://www.aljazeera.com/news/2025/9/25/denmark-shuts-second-airport-in-a-week-more-unidentified-drones-spotted
岛-14,岛屿防卫,2025-11-15 至 2025-11-25,东海-西太,与那国岛（Yonaguni）及其与台湾之间空域，日本西南诸岛,无人机贴近与那国岛，防空导弹排至2031年,疑似中国军用无人机（型号未公布，部分媒体称高空侦察无人机）,日本防卫省、航空自卫队南西航空方面队；陆上自卫队与那国驻屯地,空中、电磁,单平台,灰色地带对峙,疑似中国无人机在与那国岛与台湾之间空域飞越，日方称飞行路径往返太平洋与东海（2024财年同类飞行共17次，该年针对中国军用无人机的紧急起飞为30次，创纪录）。,航空自卫队南西航空方面队战机紧急起飞（scramble）；地面方面：与那国岛已有电子战/监视部队（摘要称自2016年驻有约160人，性质待核），防卫省计划2026财年在与那国驻屯地和健军驻屯地部署电子战部队，2027财年扩至那霸驻屯地；03式中程地对空导弹（Type 03 Chu-SAM）2031年3月前部署。,无损失报道。,B,24.46,123.0,7,https://thedefensepost.com/2025/11/25/japan-suspected-china-drone-taiwan/amp/
岛-15,岛屿防卫,2025-12-29 至 2025-12-30,台海,台湾海峡及台岛北部、西南、东南、以东海空域；演习区一度与台湾近海限制水域重叠,正义使命-2025实弹区叠压台方限制水域,解放军东部战区（陆、海、空、火箭军）、中国海警局,台湾防务部门及台军、海巡署,空中、水面、岸基,集群、异构,灰色地带对峙,东部战区发言人施毅称：陆军、海军、空军、火箭军参演，科目含海空战备警巡、夺取综合制权、要港要域封控、外线立体慑阻；12月30日在台岛以东海域演练立体投送、夺控要港。实弹：东部战区称向台岛北方与南方海域发射火箭弹；路透社（经台湾新闻转引）称实弹演练约10小时；一份来源称从福建发射27枚 PCH191 火箭弹（单一来源，待核）；Janes 称实弹区共7个，部分首次进入台湾领海（2022年以来首次）；视频显示054A护卫舰与052D驱逐舰射击。,台湾防务部门通报并监控，称演习区在南部、台东以东、澎湖以西与北部均与限制水域重叠，但海军与海警船均未进入12海里限制线；第一日国防部称解放军尚未实弹，持续监控火箭军动向。未使用武器。,无人员伤亡或装备损失的公开报道。,A,23.7,121.3,13,https://en.wikipedia.org/wiki/Justice_Mission-2025
岛-16,岛屿防卫,2026-02-28,波斯湾-霍尔木兹-阿曼湾,"巴林麦纳麦朱费尔区，美国海军巴林支援基地（Naval Support Activity Bahrain, Juffair, Manama），美海军中央司令部/第五舰队司令部驻地",巴林岛国遭持续打击第五舰队撤离,伊朗伊斯兰革命卫队（IRGC）及伊朗武装力量导弹、无人机部队,美国海军中央司令部/第五舰队（NAVCENT/5th Fleet）、巴林国防军（BDF）,空中,集群、异构、饱和,被攻击受损,弹道导弹与无人机混合多轮投送。开战首夜巴林方面称击落导弹45枚、无人机9架；6月革命卫队称以无人机再袭第五舰队；7月中旬革命卫队称以导弹和无人机袭击。具体弹种、型号待核。,巴林国防军及区域防空拦截（系统型号未公开，待核）；美方随后对基地周边人员实施撤离、迁往酒店并将约1500名水兵及家属撤回美国本土。,设施：至少7栋建筑受损（Planet 卫星图，2月28日—3月6日，经 NPR 报道）；功能：海军撤离朱费尔区，约1500名水兵及家属、数百只宠物撤回美国本土（美海军发言人）。人员：巴林全境截至6月11日3人死亡、51人以上受伤（巴林官方，经维基百科汇总，未区分基地内外）；美军伤亡未检索到公开记录。,A,26.21,50.61,10,https://www.military.com/feature/2026/02/28/attack-us-navy-fifth-fleet-headquarters-bahrain.html
岛-17,岛屿防卫,2026-03-01 至 2026-03-04,东地中海,"塞浦路斯阿克罗蒂里英国主权基地区，英国皇家空军阿克罗蒂里基地（RAF Akrotiri, Sovereign Base Areas of Akrotiri and Dhekelia）",塞浦路斯英军基地遭无人机突袭,伊朗制“沙赫德”（Shahed）型无人机，塞浦路斯外长称自黎巴嫩方向发射；黎巴嫩真主党被列为“涉嫌”方，未获证实,英国皇家空军阿克罗蒂里基地及英军；希腊空军F-16战斗机（前出拦截）,空中,单平台、偷袭/突防,部分拦截,“沙赫德”型单向攻击无人机，3月1日、2日、4日多批次，总数待核；3月2日1架命中基地。,英军基地防空（具体系统待核）；3月4日希腊空军F-16在黎巴嫩空域拦截2架飞向塞浦路斯的无人机；英方事后向塞浦路斯增派军舰和直升机。,轻微物质损失（机库或跑道，口径不一）；无人员伤亡（塞浦路斯政府、媒体报道）。,A,34.59,32.99,6,https://www.aljazeera.com/news/2026/3/2/british-military-base-in-cyprus-targeted-in-suspected-drone-attack
岛-18,岛屿防卫,2026-03-13 至 2026-04-07,波斯湾-霍尔木兹-阿曼湾,伊朗哈尔克岛（Kharg Island / جزیره خارک），波斯湾北部，伊朗主要原油出口岛,哈尔克岛军事目标遭两轮重击,美国中央司令部（维基百科称由美国空军实施；有单一来源称使用B-2，未获证实）,伊朗武装力量及哈尔克岛驻岛军事设施,空中,集群、饱和,被攻击受损,空中精确打击。3月13日夜至14日打击90余处军事目标；4月7日对已打击目标实施“复打”。平台与弹种待核（B-2说法仅见 defconlevel 单一来源）。,岛上防空力量（型号待核）；未检索到有效拦截记录。,美方称90余处军事目标被毁，含水雷储存设施、导弹储存掩体；人员伤亡未检索到公开记录；石油设施据美方称未被打击。经济：至8月装船量约25.1万桶/日（Kpler 估算，主要受封锁影响）。,B,29.24,50.31,10,https://boereport.com/2026/03/14/us-strikes-more-than-90-iranian-military-targets-on-kharg-island-centcom-says/
岛-19,岛屿防卫,2026-03-20 至 2026-03-21,阿拉伯海-印度洋,"查戈斯群岛迪戈加西亚岛（Diego Garcia, Chagos Archipelago），美英联合军事基地",迪戈加西亚首遭远程弹道导弹袭击,伊朗（被指；伊朗官方否认）,迪戈加西亚美英联合基地；美国海军驱逐舰（“标准-3”拦截弹）,空中,偷袭/突防,防御成功,弹道导弹2枚。伊朗半官方迈赫尔通讯社称为两枚中程弹道导弹；维基百科条目称至少2枚“霍拉姆沙赫尔-4”（Khorramshahr-4）。,美国军舰发射“标准-3”（SM-3）拦截弹，据《华尔街日报》援引五角大楼消息拦截1枚；另1枚飞行中失效。舰名待核。,无（彭博援引知情人士；英方称未命中）。,B,-7.31,72.41,7,https://www.bloomberg.com/news/articles/2026-03-21/iran-s-failed-diego-garcia-strike-is-show-of-missile-capability
岛-20,岛屿防卫,2026-03-25,南海,中业岛（Pag-asa / Thitu）附近海域，南沙群岛,护卫舰数米逼近菲登陆舰，中业岛险碰撞,解放军海军054A型护卫舰“滨州”号（Binzhou，舷号532，USNI 口径）,菲律宾海军登陆舰“本盖特”号（BRP Benguet，LS-507，二战时期坦克登陆舰）；菲军西部司令部（WESCOM）,水面,单平台,灰色地带对峙,军舰高速近距离机动，据报道最近距离约5—8米（16—26英尺，各报道不一）；3月第一周另有中方军舰在仙宾礁（Sabina Shoal）附近对菲护卫舰使用火控雷达（仅见于检索摘要，舰名与日期待核）。,“本盖特”号改变航向规避，未还击；西部司令部公开通报，援引《国际海上避碰规则公约》。,未检索到人员伤亡或舰艇损伤的报道。,B,11.05,114.28,4,https://news.usni.org/2026/03/27/philippine-navy-ship-avoids-collision-during-chinese-frigate-harassment-in-south-china-sea
岛-21,岛屿防卫,2026-04-01 至 2026-09-02,波斯湾-霍尔木兹-阿曼湾,伊朗拉万岛（Lavan Island），波斯湾中部，伊朗炼油及原油外运岛,拉万岛炼厂停火当日遭空袭,4月：被指为阿联酋（伊朗称阿联酋“阿金奇”无人机；《华尔街日报》称阿联酋所为，阿方未承认）；9月：美军（据革命卫队官员）,伊朗拉万岛炼油厂及驻岛巴斯基民兵（Basij）,空中,单平台、偷袭/突防,被攻击受损,无人机或空中打击；伊朗驻联合国代表信函称4月1日为阿联酋“阿金奇”（Akinci）无人机。数量与弹种待核。,未检索到拦截记录；岛上消防力量控制火势。,4月8日：炼油厂起火，产量严重受损（维基），无人受伤（伊朗国家电视台）。9月1—2日：巴斯基3人死亡、数人受伤（革命卫队官员，经伊朗国际电视台）。,B,26.81,53.36,4,https://www.janes.com/osint-insights/defence-news/air/iran-conflict-2026-tehran-accuses-uae-of-using-uavs-to-attack-islands
岛-22,岛屿防卫,2026-05-01 至 2026-05-12,波斯湾-霍尔木兹-阿曼湾,科威特布比延岛（Bubiyan Island），海湾第二大岛，岛上有穆巴拉克·卡比尔港（Mubarak Al Kabeer Port）,革命卫队人员乘渔船渗透布比延岛，4人被捕,伊朗伊斯兰革命卫队（科威特方面指控）：6名武装人员，据称含2名海军上校（naval captain）、1名海军上尉、1名陆军中尉,科威特内政部安全部队；岛上驻有一支美国海军陆战队分队,水面,单平台、偷袭/突防,防御成功,渔船1艘，武装人员6名。,科威特安全部队在岸上交火并实施抓捕。,科方：1名安全人员受伤（一说）。渗透方：4人被捕，2人逃脱。设施：未见受损报告。,A,29.78,48.25,8,https://qna.org.qa/en/News-Area/News/2026-5/12/kuwaits-cabinet-condemns-infiltration-by-irgc-members-into-bubiyan-island
岛-23,岛屿防卫,2026-08-30 至 2026-08-31,波斯湾-霍尔木兹-阿曼湾,伊朗拉腊克岛（Larak Island），阿巴斯港外海，格什姆岛以东、霍尔木兹岛以南,美军打击拉腊克岛布雷火箭发射装置,美国中央司令部,伊朗伊斯兰革命卫队岛上发射单元,空中,单平台、偷袭/突防,被攻击受损,美方打击2具发射装置（弹药未公开）；伊朗塔斯尼姆通讯社称是无人机打击。,无拦截记录。,伊朗：发射装置2具被毁（美方）；数名军人和平民伤亡（伊方，未给数字）。美方：无损失。,B,26.86,56.36,6,https://www.irishtimes.com/world/middle-east/2026/08/30/us-forces-strike-two-iranian-launchers-on-larak-island-us-official-says/
岛-24,岛屿防卫,2026-09-10 至 2026-09-11,红海-亚丁湾,曼德海峡佩林岛（Perim / Mayyun / Mayun）、穆哈（Mokha）、迪巴布（Dhubab）,佩林岛不战而弃：曼德海峡中央岛屿落入胡塞,也门胡塞武装,也门政府武装（总统领导委员会 PLC 一方），随后撤离,岸基、水面,偷袭/突防,被攻击受损,陆上推进夺取穆哈后，在政府军撤离佩林后抵达该岛（路透口径），具体兵力、武器本轮检索未见；低可信度聚合站 Gateway Pundit 称胡塞乘船登岛，仅作线索。,政府军陆续从海斯（Hays）、瓦兹伊亚（al-Wazi'iyah）、穆哈撤出，随后撤离佩林岛；未见抵抗记录。,领土：佩林岛、穆哈、迪巴布（及上案哈尼什群岛）易手；佩林方面人员伤亡本轮检索未见；整体攻势伤亡见上案。,B,12.66,43.42,16,https://www.devdiscourse.com/article/politics/3975908-strategic-shift-yemen-forces-withdraw-from-perim-island
岛-25,岛屿防卫,2026-09-10 至 2026-09-14,红海-亚丁湾,红海南部祖盖尔岛（Zuqar Island）、大哈尼什岛与小哈尼什岛（Greater/Lesser Hanish），距曼德海峡以北约160公里,导弹压制加登陆：胡塞夺取哈尼什群岛,也门胡塞武装（岸基导弹加两栖登陆）,也门政府及其盟友武装（据 AFP 引军方人士称，群岛上有2000余名政府军）,空中、水面、岸基,异构、集群,被攻击受损,岸基导弹（teleSUR 称自约33公里外阿尔贾乌哈 Al Jauja 一带发射）对祖盖尔岛实施火力准备，之后乘小艇登陆（AFP 称“用船派兵上岛”）。胡塞据报投入了“大量成波次的兵力和全部可用弹道导弹”（也门军方人士对CNN）。,政府军驻守岛屿；有关沙特空中支援的预期落空——一名也门高级军事人员对 CNN 称，他多次向美国中央司令部预警，被告知沙特空中支援将到，但“空中支援从未到来”。,人员：AFP 称至9月8日战斗人员和平民死亡逾300人，AP 称194死、880余伤；流离失所至少7.6万人（口径同上）；领土：祖盖尔、大小哈尼什岛易手。装备损失本轮检索未见。,B,13.7,42.75,12,https://www.local10.com/news/world/2026/09/14/yemens-houthi-rebels-seize-more-key-islands-in-southern-red-sea-tighten-grip-on-shipping-routes/
港-01,周边港口,2023-07-18 至 2023-07-21,黑海,乌克兰敖德萨港、切尔诺莫尔斯克港及敖德萨州农业仓储设施（Odesa / Chornomorsk）,退出粮食协议次日，敖德萨粮食码头连夜遭袭,俄罗斯武装力量（空基、陆基、海基巡航导弹及伊朗型“沙希德”类无人机）,乌克兰防空力量；敖德萨州军事管理局（州长奥列赫·基佩尔 Oleh Kiper）,空中、水面,集群、异构,被攻击受损,乌方称：俄军发射空基、陆基、海基巡航导弹（含“口径”Kalibr）及32架伊朗型无人机（7月18—19日夜，乌方口径，路透社称无法独立核实）。7月21日另有导弹击中敖德萨州一处农业企业。,乌方防空体系（具体系统、拦截数量本轮检索未获公开记录）。港口无船舶被报道受损，受损对象主要为码头、储罐、装卸设备与仓库。,乌方口径：一处农企120吨粮食（100吨豌豆、20吨大麦）被毁，2人受伤；一处粮食油料码头储罐与装卸设备受损并起火；泽连斯基称6万吨运华农产品被毁（未核）。未检索到船舶或人员死亡报道。,B,46.49,30.74,5,https://www.pravda.com.ua/eng/news/2023/07/19/7411942
港-02,周边港口,2023-08-02 至 2023-09-09,黑海,乌克兰敖德萨州伊兹梅尔、列尼港（Izmail / Reni）；对岸罗马尼亚图尔恰县普劳鲁村（Plauru）,多瑙河港口遭无人机连袭，残骸落入罗马尼亚,俄罗斯武装力量（伊朗型“沙希德”/俄称“天竺葵”类自杀式无人机）,乌克兰防空力量；罗马尼亚国防部/空军（对岸空情监控与残骸排查）,空中,集群,部分拦截,8月23日夜：乌方称俄方发射20架无人机；8月2日及9月2—4日夜来袭数量本轮未检索到公开数字。,乌方防空：8月23日称击落20架中的11架（拦截率55％）。罗马尼亚：空军专家组赴现场排查，其后表示将加强空域管控（乌克兰欧洲真理报标题：Romania to Strengthen Its Airspace Following Russia's Attacks on Danube Ports）。,乌方口径：8月2日储存粮食4万余吨受损；8月23日1.3万吨粮食被毁，港口出口能力下降15％。罗马尼亚境内：无人员伤亡报道；普劳鲁附近发现疑似坠落坑与碎片。船舶损失：本组检索到的这几次打击未见船只被击中的报道。,B,45.35,28.84,8,https://eurointegration.com.ua/eng/news/2023/08/3/7166959
港-03,周边港口,2023-08-04,黑海,俄罗斯克拉斯诺达尔边疆区新罗西斯克港及海军基地外（Novorossiysk）,无人艇远程奔袭新罗西斯克重创登陆舰,乌克兰安全局（SBU）与乌克兰海军（据路透社援引乌方情报消息源；乌方未以官方名义认领）,俄罗斯海军黑海舰队新罗西斯克海军基地,水面,偷袭/突防,遭偷袭受损,自杀式无人艇（USV）2艘（俄国防部口径）；乌方消息源称命中艇携带约450千克TNT当量装药；分析人士估算航程约740千米。,基地外警戒兵力火力拦截（俄国防部称2艘无人艇均在基地外被摧毁）；事后港口短暂暂停民用船舶进出。,俄方：大型登陆舰“奥列涅戈尔斯基矿工”号严重受损（视频与乌方口径），俄方未承认；人员伤亡未检索到公开记录。乌方：无人艇至少2艘损失（俄方口径）。经济：新罗西斯克港民船进出短暂中断。,A,44.7,37.8,7,https://english.alarabiya.net/News/world/2023/08/04/Ukrainian-sea-drone-attack-at-port-of-Novorossiysk-damaged-Russian-naval-vessel-
港-04,周边港口,2023-08-04 至 2026-08-12,黑海,克里米亚塞瓦斯托波尔、费奥多西亚、刻赤及俄罗斯新罗西斯克等港口,俄黑海港口防御：高拦截宣称难护港内舰,乌克兰国防军、乌克兰安全局（SBU）、乌克兰国防部情报总局（HUR）、乌克兰无人系统部队,俄罗斯海军黑海舰队、俄空天军防空部队、港口运营方,空中、水面、水下,异构、集群、饱和,部分拦截,空射巡航导弹（“风暴阴影/SCALP”）、ATACMS弹道导弹、“海王星”导弹、远程无人机、“帕利亚尼察”喷气无人机、水面无人艇、“水下海宝宝”无人潜航器（详见各分案）。,区域防空（含S-300、S-400）；舰载防空；巡逻舰火力拦截无人艇；伊尔-38N反潜巡逻机水下探测；舰队主力东撤新罗西斯克；能源设施自动关断与人员疏散。港口拦阻网、浮栅、沉驳堵口及阿布哈兹奥恰姆奇雷建点见“浮栅、沉驳与新建点：俄港口被动防御”一案；武装直升机巡逻仍未检索核实。,见各分案。按本组可核实口径，2023—2026年俄黑海舰队在港内被击中的舰艇包括大型登陆舰（“奥列涅戈尔斯基矿工”“明斯克”“新切尔卡斯克”“亚马尔”“亚速”“奥尔尚斯基”）、潜艇（“顿河畔罗斯托夫”及2025年12月新罗西斯克“基洛”级1艘）、导弹舰（“阿斯科尔德”“旋风”、“暴徒-M”1艘）、护卫舰（“埃森海军上将”“马卡罗夫海军上将”）、巡逻舰“瓦西里·贝科夫”、侦察船“伊万·胡尔斯”等，具体程度口径不一。,B,44.7,37.8,9,https://euromaidanpress.com/2026/08/13/russia-pulled-its-fleet-back-to-novorossiysk-to-keep-it-safe-ukraine-hit-it-there-with-15-kinds-of-weapons-at-once/
港-05,周边港口,2023-08-16 至 2023-08-17,黑海,敖德萨港至博斯普鲁斯海峡，沿乌、罗、保领海航行（Odesa → Bosporus）,滞港18个月的集装箱船打通乌方临时航道,无直接攻击（潜在威胁：俄黑海舰队、海上漂雷；俄外交部称将关闭航道）,乌克兰基础设施部（航道组织）；海军角色待核；沿岸国领海,水面、水下,单平台,防御成功,无实际攻击发生。检索摘要转述乌方事前警告航行者须自担水雷及俄方干预风险（具体出处待核）。,"乌方划定贴近本国、罗马尼亚、土耳其领海的临时航线，使航线主要位于领海内；船舶为1艘香港旗集装箱船，装载2,114个集装箱、30,000余吨货物。海军护航、无人艇巡逻、扫雷合作等具体防卫措施本轮检索未获公开记录，不予推断。",无损失报道。,B,46.49,30.74,6,https://bs-shipmanagement.com/media-centre/bsm-highlights/joseph-schulte-a-long-breath-pays-off/
港-06,周边港口,2023-09-13,黑海,"克里米亚塞瓦斯托波尔，北方造船厂/奥尔忠尼启则船厂干船坞（Sevmorzavod / Ordzhonikidze shipyard, Sevastopol）",巡航导弹夜袭塞港船坞毁两艘在修舰艇,乌克兰空军（据报以苏-24挂载“风暴阴影/SCALP-EG”巡航导弹；乌方未正式确认弹型），乌克兰国防部情报总局（HUR）对外确认命中,俄罗斯海军黑海舰队、塞瓦斯托波尔防空体系,空中、水面,异构、饱和、偷袭/突防,被击沉/摧毁,巡航导弹10枚+无人艇3艘（俄国防部口径）；英国天空新闻援引未具名西方及乌方消息源称使用英制“风暴阴影”巡航导弹。,防空系统拦截（俄方称击落7枚导弹）；巡逻舰拦截无人艇（俄方称3艘无人艇被巡逻舰摧毁）；船坞内舰艇无机动和隐蔽条件。,俄方：“明斯克”号大型登陆舰功能性摧毁（英国防部、Oryx口径；俄方称可修复）；“顿河畔罗斯托夫”号潜艇严重受损；船厂起火，24人受伤（俄方口径）；干船坞受损。乌方：俄方称3艘无人艇被摧毁、7枚导弹被击落。,A,44.615,33.54,9,https://www.dailymaverick.co.za/article/2023-09-13-ukraine-says-it-hit-russian-naval-targets-in-attack-on-crimea/
港-07,周边港口,2023-09-22 至 2023-09-26,黑海,"克里米亚塞瓦斯托波尔，俄罗斯黑海舰队司令部（Black Sea Fleet HQ, Sevastopol）",导弹击中黑海舰队司令部，伤亡说法悬殊,乌克兰空军（空军司令奥列什丘克公开致谢飞行员），乌克兰特种作战部队（SSO）对外发布战果,俄罗斯黑海舰队、塞瓦斯托波尔防空体系,空中,集群、偷袭/突防,被攻击受损,空射巡航导弹（英国天空新闻援引乌空军代表称为“风暴阴影”；BBC分析认为可能是“风暴阴影”或乌制“海王星”）；乌特种作战部队称为两阶段空中打击。俄方称来袭导弹数量各报道在5—10枚之间。,防空系统拦截（俄国防部称击落5枚导弹）；事后消防灭火。,俄方：黑海舰队司令部大楼屋顶及上部楼层被毁（影像）；人员伤亡：俄方称1名军人失踪；乌方称34名军官死亡（乌方口径，无独立证实）。乌方：俄方称5枚导弹被击落。,A,44.616,33.526,7,https://meduza.io/en/feature/2023/09/22/ukraine-strikes-russian-black-sea-fleet-headquarters-in-crimea
港-08,周边港口,2023-10-07 至 2023-10-08,东地中海,以色列南部齐基姆海滩（Zikim Beach），加沙地带以北海岸（海岸防御，非港口；拦截兵力出自阿什杜德海军基地）,海军截杀约半数，哈马斯快艇仍登陆齐基姆,哈马斯海上突击队：7艘快艇（含橡皮艇），38名武装人员,以色列海军第916巡逻中队（阿什杜德海军基地，“德沃拉”级巡逻艇）；岸上为戈兰尼旅第51营,水面,集群、异构、偷袭/突防,部分拦截,快艇7艘（含2艘橡皮艇，一说），载38人，航速约30节（约55公里/小时）；与6时29分开始的逾1000枚火箭弹齐射同步发起。,第916巡逻中队“德沃拉”级（Dvora）巡逻艇海上拦截；戈兰尼旅第51营岸上防御。,以方：齐基姆一带17名平民遇害（Ynet）；10月8日搜剿中以军1死2伤（军事维基）。哈马斯：约一半海上渗透人员被海军击毙，10月8日又有5人被击毙；快艇3—4艘在海上被毁（各方口径）。,A,31.61,34.51,6,https://ynetnews.com/article/rkvjewr9ye
港-09,周边港口,2023-11-01 至 2025-09-18,红海-亚丁湾,以色列南端红海北岸埃拉特港（Port of Eilat）,红海断航拖垮埃拉特港，业务降八九成,也门胡塞武装（间接影响：对红海—亚丁湾商船持续袭击；本轮检索未见埃拉特港区自身被直接命中的记录）,埃拉特港务公司（CEO 吉迪恩·戈尔伯 Gideon Golber，外媒另拼 Golbert）与以色列政府；无军事防御环节，只有财政与调货应对,水面、空中,异构,被攻击受损,不是对港区的直接打击，而是对红海—亚丁湾过往商船的持续袭击，手段包括登临劫持、反舰弹道导弹、无人水面艇、无人机和火箭弹（见本组“银河领袖号”“鲁比马尔号”“导师号”“永恒C号”等案例）。以色列关联或疑似关联的船舶成为首要目标，使船公司普遍避开红海航线，面向红海的埃拉特港由此失去来船。对埃拉特城区及拉蒙机场的无人机袭击另见 ye_eilat_houthi_drones_2025_09。,无针对航线的军事防御，应对集中在经济与政治层面：港务公司向议会经济事务委员会和政府求助（CEO 2024-07-07 在委员会陈述）；提出向愿意过红海的船舶支付50万美元财政激励的设想（Libertarian Institute 转述，原始出处待核）；称打算裁减120名员工中的一半、除非政府出资发薪（时间未显示，约在2025年）；9月访谈中称并未裁员——部分人员转往阿什杜德（Ashdod）港，部分由政府发薪；货物改由阿什杜德、海法（Haifa）等地中海港口承接。,经济：业务量下降85％（2024-07）至90％以上（2025-07）；无收入约八个月（CEO 陈述，截至2024-07-07）；员工120人，曾计划裁减一半，2025-09 称仍有90人在岗。债务、亏损总额等金额数据本轮检索未取得。人员与设施：无直接伤亡或设施受损记录。,B,29.53,34.95,9,https://worldcargonews.com/news/2024/07/port-of-eilat-declares-bankruptcy/?gdpr=deny
港-10,周边港口,2023-11-04,黑海,"克里米亚刻赤，“扎利夫”造船厂（Zaliv Shipyard, Kerch）",刻赤船厂在建“口径”导弹舰遭巡航导弹命中,乌克兰空军（空军司令奥列什丘克暗示使用法制SCALP巡航导弹）,俄罗斯黑海舰队、刻赤地区防空体系、“扎利夫”造船厂,空中,集群、饱和,被攻击受损,空射巡航导弹15枚（俄国防部口径），乌方暗示为SCALP-EG。,防空系统拦截（俄国防部称击落13枚）。,俄方：22800型导弹舰“阿斯科尔德”号严重受损（俄方承认命中，未说明程度）；船厂设施受损。人员伤亡未检索到公开记录。乌方：俄方称13枚导弹被击落。,A,45.31,36.44,6,https://maritime-executive.com/article/video-ukraine-confirms-strike-on-another-russian-warship
港-11,周边港口,2023-11-08,黑海,乌克兰敖德萨州港口（Odesa region port，具体码头未在检索结果中说明）,进港商船被反辐射导弹击中，引航员死亡,俄罗斯武装力量（乌方称使用Kh-31P反辐射导弹）,乌克兰防空；港口当局,空中,单平台,被攻击受损,乌方官员称：Kh-31P反辐射导弹，命中船舶上层建筑（俄军机型及发射平台本轮未检索到）。,未检索到防空拦截记录；船舶按乌方通航程序在引航员引导下进港。,人员：1名引航员死亡（43岁），3名菲律宾船员和1名港口工人受伤。装备：船舶上层建筑受损，程度未检索到。经济：该船原定运铁矿石，其后航次中断，数额未检索到。,B,46.49,30.74,5,https://meduza.io/en/news/2023/11/08/ukraine-says-russian-forces-hit-civilian-vessel-during-attack-on-odesa-port-killing-one-person
港-12,周边港口,2023-12-26,黑海,克里米亚费奥多西亚港（Feodosia / Feodosiia）,费奥多西亚港内登陆舰被导弹击毁坐沉,乌克兰空军战术航空兵,俄罗斯黑海舰队、克里米亚防空体系,空中,偷袭/突防,被击沉/摧毁,空射巡航导弹（乌空军口径；俄方称“空中制导导弹”），发射平台据俄方说法为苏-24（乌方否认俄方击落说法）。,防空系统对空作战（俄方称击落2架发射导弹的苏-24，乌方否认）。,俄方：大型登陆舰“新切尔卡斯克”号坐沉（卫星图），俄方仅承认受损；舰员伤亡未检索到公开记录；当地1人死亡、2人受伤、6栋建筑受损（俄方口径）。乌方：俄称击落2架苏-24，乌方否认。,A,45.03,35.39,5,https://pravda.com.ua/eng/news/2023/12/26/7434598
港-13,周边港口,2024-01-11,黑海,黑海西部土、罗、保水域（签约地伊斯坦布尔；2026年7月修订地安卡拉）；坐标为示意,三国黑海扫雷特遣队保障航运安全,漂雷等水雷威胁（乌克兰战争期间布设；具体布设方未在检索结果中界定）,土耳其、罗马尼亚、保加利亚三国海军（黑海反水雷特遣队，MCM Black Sea）,水下、水面,集群,防御成功,威胁对象为战争期间布设或漂移的水雷；本轮检索未取得具体漂雷致船舶受损的事件记录，因此不单列攻击事件。,三国组成黑海反水雷特遣队：编成口径不一——Defense News、VOA 转述为三艘猎扫雷舰（每国一艘）加一艘指挥控制舰；半岛电视台报道为每国三艘猎扫雷舰加一艘指挥控制舰。每次出动15天、每六个月至少两次；指挥权每六个月轮换；由三国海军指挥官组成委员会。2026年7月修订备忘录，增加保护关键海底基础设施的任务。,无攻击损失；未检索到特遣队舰艇损伤或水雷致商船受损的统计。,B,43.2,29.0,10,https://www.aljazeera.com/news/2024/1/11/nato-allies-turkey-romania-bulgaria-sign-deal-to-clear-black-sea-mines
港-14,周边港口,2024-01-21,波罗的海-北海,俄罗斯列宁格勒州芬兰湾南岸乌斯季卢加港诺瓦泰克码头（Ust-Luga / Усть-Луга）,无人机远袭乌斯季卢加，诺瓦泰克码头起火停产,乌克兰安全部门（国际文传电讯社-乌克兰援引匿名消息源；乌方未正式认领）,俄罗斯防空部队；码头运营方诺瓦泰克公司,空中,偷袭/突防,被攻击受损,远程攻击无人机（乌方媒体口径）；型号、数量未检索到公开记录；路透社称无法核实是否为乌方无人机所为。,未检索到俄方拦截通报；事后人员疏散、灭火；在港4艘油轮于爆炸后1小时内离港。,俄方：储罐2座、泵站1座受损（俄通讯社口径）；码头部分作业暂停；无人员伤亡（州长口径）。船舶：无损（报道口径）。,B,59.68,28.4,5,https://cyprus-mail.com/2024/01/21/fire-erupts-at-russias-novatek-baltic-sea-terminal-after-explosions-heard
港-15,周边港口,2024-03-23 至 2024-03-26,黑海,克里米亚塞瓦斯托波尔港区及黑海舰队设施（Sevastopol）,塞港连夜遭导弹打击，四舰一通信枢纽受损,乌克兰国防军（乌总参谋部通报；开源情报称使用“风暴阴影”巡航导弹，未获官方确认）,俄罗斯黑海舰队、塞瓦斯托波尔防空体系,空中,集群,被攻击受损,巡航导弹（开源情报称3月23日至少3枚“风暴阴影”命中黑海舰队通信枢纽，3月24日打击亦使用“风暴阴影”；乌方未公布弹型与数量）。,待核：未检索到俄国防部关于本次拦截数量的通报。,俄方：大型登陆舰“亚马尔”号、“亚速”号受损，侦察船“伊万·胡尔斯”号、大型登陆舰“奥尔尚斯基”号受损（乌方口径），通信枢纽受损（开源情报）；人员伤亡未检索到公开记录。乌方：待核。,B,44.61,33.53,6,https://pravda.com.ua/eng/news/2024/03/24/7447873
港-16,周边港口,2024-04-05 至 2026-06-26,黑海,克里米亚塞瓦斯托波尔湾口（Sevastopol Bay）；俄罗斯新罗西斯克海军基地及进港航道（Novorossiysk）；格鲁吉亚阿布哈兹地区奥恰姆奇雷港（Ochamchire / Очамчыра，俄方控制）,浮栅、沉驳与新建点：俄港口被动防御,乌克兰海军、乌克兰安全局（SBU）、乌克兰国防部情报总局（HUR）的水面与水下无人平台（防御所针对的威胁）,俄罗斯黑海舰队；俄联邦安全局边防局海岸警卫队（奥恰姆奇雷）,水面、水下,集群、偷袭/突防,部分拦截,防御所针对的威胁：乌方水面无人艇（单艇或成批）、无人潜航器（如2025年12月“水下海宝宝”）；空中无人机与导弹不受物理拦阻影响。,物理拦阻：塞瓦斯托波尔湾口两道防波堤之间设4道浮栅和1排4艘驳船，首批2艘驳船于4月5日至10日间沉放（年份推定为2024年）；新罗西斯克海军基地附近及进港航道设拦阻网、浮栅和驳船；奥恰姆奇雷港内可见橙色浮栅（2026年6月26日卫星图）。兵力调整：舰艇大部撤离塞瓦斯托波尔；在奥恰姆奇雷疏浚扩建港口。主动拦截：舰载武器与巡逻兵力拦截来袭无人艇（俄国防部称2024年7月3日摧毁2艘驶向新罗西斯克的无人艇）。,防御方代价：沉放驳船至少2艘（监测团体口径）；浮栅维护与风暴损失（卫星图像）；舰艇撤离塞瓦斯托波尔带来的基地功能损失；奥恰姆奇雷港建设投入（金额未检索到公开记录）。,B,44.62,33.53,12,https://news.online.ua/en/russians-sink-barges-to-protect-rest-of-ships-in-occupied-sevastopol-877953
港-17,周边港口,2024-04-25 至 2024-07-17,东地中海,加沙地带中部沿岸、内察里姆走廊（Netzarim corridor）西端海滩（临时码头，无常设港口设施）,加沙浮码头遭迫击炮袭扰，又被风浪冲断,加沙武装人员（以军称“恐怖组织”成员，无组织认领）；另有恶劣海况造成主要损坏（非人为）,美国陆军、海军“联合后勤滩头作业”（JLOTS）部队；以色列国防军负责岸上警戒,岸基,单平台,被攻击受损,迫击炮弹若干（数量未公开），落在码头建设区的物资“集结区”。,以军负责岸滩警戒；美军人员和舰船部署在迫击炮射程之外（五角大楼称）。未见专门的反炮兵记录。,迫击炮袭扰：集结区轻微受损，无人员伤亡（美方、以方）。海况：部分栈桥段断裂需重建；4艘船只搁浅（加沙2艘、阿什凯隆2艘）。经济：项目约3.2亿美元（多数报道）；监察调查称2014—2024年陆军、海军分别削减约2300万、6900万美元相关预算。,A,31.46,34.39,9,https://www.timesofisrael.com/liveblog_entry/idf-says-mortar-fired-at-under-construction-gaza-aid-pier-as-un-officials-toured-site/
港-18,周边港口,2024-05-19 至 2024-05-21,黑海,克里米亚塞瓦斯托波尔港码头（Sevastopol）,ATACMS齐射塞港码头，末艘“口径”水面舰被毁,乌克兰国防军（乌总参谋部、国防部通报）,俄罗斯黑海舰队、塞瓦斯托波尔防空体系,空中,集群、饱和,被击沉/摧毁,美制ATACMS战术弹道导弹，俄方Telegram频道称至少12枚。,防空系统拦截（俄方Telegram频道称击落9枚；俄官方拦截数据待核）。,俄方：22800型导弹舰“旋风”号被毁（乌方口径，ISW卫星图像佐证）；“科夫罗韦茨”号扫雷舰被毁（乌方口径，未证实）；码头及附近建筑受损。人员伤亡未检索到公开记录。乌方：俄方频道称9枚ATACMS被击落。,B,44.61,33.53,5,https://novayagazeta.eu/en/articles/2024/05/21/ukrainian-military-sinks-black-sea-fleets-sole-remaining-corvette-capable-of-firing-cruise-missiles-en-news
港-19,周边港口,2024-07-20 至 2024-07-21,红海-亚丁湾,也门荷台达港（Hodeidah port）及港区以北的电站、油库,以军空袭荷台达港，油库与吊机被毁,以色列空军（具体机型口径不一）,胡塞控制的荷台达港；也门石油公司（Yemen Petroleum Company）油库,空中、岸基,集群,被攻击受损,以色列战机空袭。机型口径不一：有媒体称12架F-35参战并打击20座储油设施，Maritime Executive 称为F-15战斗轰炸机。打击对象：荷台达港附近油库、电站，以及港内集装箱场吊机（以军周日公布了打击两台吊机的视频）。“伸臂行动”（Operation Outstretched Arm）这一名称未在本轮检索结果中出现，待核。,本轮检索结果未见胡塞方面的防空拦截记录或预警情况（未检索到公开记录）。,油库：约15万吨储油能力大部被毁，全省剩约5万吨（Navanti 估计）；吊机：5台“很可能无法使用”（Navanti）；人员：6人死亡（也门石油公司），80余人受伤（胡塞称）。,B,14.8,42.95,4,https://www.al-monitor.com/originals/2024/07/israel-strikes-yemen-port-what-damage
港-20,周边港口,2024-08-02,黑海,克里米亚塞瓦斯托波尔港（Sevastopol）,修复中的“顿河畔罗斯托夫”号潜艇港内二度被击,乌克兰国防军（乌总参谋部通报）,俄罗斯黑海舰队、塞瓦斯托波尔防空体系,空中,偷袭/突防,被击沉/摧毁,导弹（路透社、BBC援引乌总参称为导弹袭击；弹型与数量待核）。,待核：未检索到俄方关于本次拦截的通报。,俄方：“基洛”级潜艇“顿河畔罗斯托夫”号沉没（乌方口径，未独立证实）。人员伤亡未检索到公开记录。乌方：待核。,B,44.61,33.53,7,https://www.pravda.com.ua/eng/news/2024/08/03/7468800/
港-21,周边港口,2024-08-22,黑海,俄罗斯克拉斯诺达尔边疆区刻赤海峡东岸丘什卡沙嘴高加索港（Port Kavkaz / Порт Кавказ）,高加索港铁路渡轮遭导弹击沉，港口部分受阻,乌克兰海军（海军发言人普列坚丘克确认）；所用武器乌方未公布,克拉斯诺达尔边疆区港口防空体系；渡轮运营方,空中,偷袭/突防,被击沉/摧毁,导弹，型号未经证实：乌克兰海军发言人未说明所用武器；俄方Telegram频道Mash称可能为“风暴阴影”（Storm Shadow）巡航导弹；有媒体图片说明及维基共享资源分类页信息框称为R-360“海王星”（Neptune）反舰导弹，均非一手来源。数量未检索到公开记录。,港口区域防空（拦截情况未检索到公开记录）；事后组织船员搜救与灭火，边疆区应急指挥部称港区陆域无火情。,俄方：铁路渡轮“康罗商人”号（约109米）沉没，所载30节燃料罐车损失（俄方口径）；船员获救17人、2人失踪（边疆区行政长官口径，另有报道称获救4人）。港口：泊位被沉船占用，作业部分受阻（乌方口径）。乌方：未检索到公开记录。,A,45.33,36.67,8,https://euromaidanpress.com/2024/08/22/fuel-laden-ferry-sinks-in-russian-port-after-alleged-ukrainian-strike-russian-media/
港-22,周边港口,2024-10-09 至 2024-10-10,黑海,乌克兰敖德萨州切尔诺莫尔斯克港（Chornomorsk）；同期涉及敖德萨港、南方港（Pivdennyi）,四日内三艘外籍商船被击中，切尔诺莫尔斯克死亡7人,俄罗斯武装力量（乌方称弹道导弹）,乌克兰防空力量；乌克兰海港管理局；敖德萨州军事管理局,空中,集群,被攻击受损,副总理库列巴（Oleksii Kuleba）称弹道导弹击中该集装箱船；同期另两艘外籍商船（帕劳旗在敖德萨港、圣基茨和尼维斯旗在南方港）亦被击中，使用的弹种本轮未检索到。,本轮检索未获拦截数据或防空部署说明。,人员：至少7死11伤（基佩尔口径，含一名港口工人）。装备：巴拿马旗集装箱船受损，程度未检索到；另两船受损程度未检索到。港口设施受损范围未检索到。,B,46.3,30.66,5,https://novayagazeta.eu/en/articles/2024/10/10/seven-killed-in-fresh-russian-missile-strike-on-port-in-ukraines-odesa-region-en-news
港-23,周边港口,2024-11-06,其他,俄罗斯达吉斯坦共和国卡斯皮斯克海军基地（Kaspiysk / Каспийск），里海西岸,无人机首袭里海区舰队卡斯皮斯克基地,乌克兰国防部情报总局（HUR）（据HUR公布的目标信息）,俄罗斯海军里海区舰队及防空部队,空中,偷袭/突防,被攻击受损,远程无人机；分析人士H. I. 萨顿（H I Sutton）据报识别为乌制A-22“狐蝠”（Foxbat）——由民用超轻型飞机改装的大型无人机；数量未检索到公开记录。,区域防空（达吉斯坦共和国领导人称在卡斯皮斯克上空击落1架无人机）；英国国防部评估来袭无人机很可能飞越俄罗斯大片领土而未被拦截。,俄方：“猎豹”级护卫舰至少2艘受损，程度不明（英国国防部评估）；“暴徒-M”级受损（部分乌方媒体口径，证据弱）。人员伤亡：未检索到公开记录。乌方：无人机至少1架被击落（俄方口径）。,B,42.88,47.64,6,https://maritime-executive.com/article/ukraine-hits-russian-navy-s-caspian-flotilla-in-long-range-strike
港-24,周边港口,2024-12-09 至 2024-12-10,东地中海,叙利亚拉塔基亚港（Latakia）及米纳特贝达港（Minet al-Beida / el-Beida）,以海军夜袭叙利亚两港，叙海军舰艇大批被毁,以色列海军导弹舰艇（舰名、舰型未公开）,叙利亚阿拉伯海军（阿萨德政权于12月8日垮台，处于无组织状态）,水面、空中,集群、偷袭/突防,被击沉/摧毁,以色列海军导弹舰艇对两港同时发射导弹（型号、数量未公开）。,无有效防御记录。政权更迭期间叙海军未组织抵抗。,叙利亚海军：在港15艘（以方口径）；约10艘受损（叙利亚人权观察站）；其中至少6艘“黄蜂-II”级导弹艇被毁（《战区》图像分析）。港口设施损失未见统计。以方：无损失。,A,35.52,35.77,6,https://tass.com/world/1885441/amp
港-25,周边港口,2025-01-01 至 2025-07-08,马六甲-新加坡海峡,新加坡海峡东行航道、菲利普水道附近（Phillip Channel）,新加坡海峡持械登船抢劫三倍激增,海盗/海上抢劫团伙（据印尼警方后续通报，主要活动于廖内群岛一带）,过往商船船员；新加坡、印尼、马来西亚海事执法部门,水面,集群、偷袭/突防,被攻击受损,夜间小艇靠近低速航行的散货船，数人登船偷盗备件、缆绳和个人物品；2025年2月ReCAAP通报的11起中，4起歹徒持枪或类枪物，5起持刀；5月7日“Hui Shun No.1”遇2人持刀，希腊籍散货船“Virgo”上5名入侵者中有2人疑持枪。,船员发现后警报、避让或躲入安全区；新加坡海事和港务局（MPA）发布安全通告；信息融合中心（IFC）与ReCAAP通报；沿岸国增加巡逻。,多数案件仅损失备件、缆绳、船员个人物品；未检索到人员死亡记录；严重度方面，ReCAAP称2025年无最高级别（CAT 1）事件，2024年有2起。,A,1.15,103.8,6,https://recaap.org/resources/ck/files/alerts/2025/ReCAAP%20ISC%20IA%2001-2025%20Sea%20robbery%20Incidents%20in%20the%20Singapore%20Strait%20(3%20Feb%202025).pdf
港-26,周边港口,2025-04-17,红海-亚丁湾,也门拉斯伊萨燃料港（Ras Isa）,美军首次打击红海燃料港，伤亡数字差近一倍,美国军队（美国中央司令部 CENTCOM）,胡塞控制的拉斯伊萨燃料港及油料装卸设施,空中、岸基,集群,被攻击受损,美军空袭，至少打击两处地点，触发大规模二次爆炸。机型与弹药本轮检索未检索到（待核）。,本轮检索结果中未见胡塞防空拦截记录（未检索到公开记录）。,人员：38—74人死亡、102—171人受伤（均为胡塞方口径，未独立核实）；设施：燃料港至少两处被毁，二次爆炸范围及恢复情况本轮未检索到。,B,15.15,42.65,5,https://news.usni.org/2025/04/17/u-s-forces-attack-houthi-fuel-port-in-yemen-centcom-says
港-27,周边港口,2025-05-04 至 2025-05-10,红海-亚丁湾,苏丹红海沿岸苏丹港（Port Sudan），含奥斯曼迪格纳（Osman Digna）空军基地与机场、燃料库、港区、弗拉明戈（Flamingo）海军基地,无人机连日袭击苏丹港油库、机场与海军基地,苏丹快速支援部队（RSF，苏丹军方的说法；RSF 未认领）；苏丹政府并指阿联酋供应武器（阿联酋方回应本轮未检索到）,苏丹武装部队（SAF）驻港部队与防空系统；苏丹政府（战时事实上的首都所在）,空中,集群、偷袭/突防,被攻击受损,无人机，型号与数量本轮检索均未取得，军方及媒体称部分为“自杀式”无人机。连续多日、多目标：奥斯曼迪格纳空军基地及机场、燃料库（全国最大之列）、港口集装箱码头（据 Ambrey）、主变电站、弗拉明戈海军基地及基地内的空军学院总部。Jamestown 基金会《欧亚日报》（Eurasia Daily Monitor）称无人机为中国制造并由阿联酋供给 RSF，该说法为分析判断，未获官方证实。,苏军称防空系统于5月7日拦截了针对海军基地的无人机，5月8日、9日又击退数波袭击，报道称有多架“自杀式”无人机被击落；防空武器型号、拦截数量本轮检索未取得。同期（5月6日至10日）机场、电站、燃料库仍有被击中的报道。,设施：全国最大之列的燃料库大火；主变电站被毁致全城停电；机场民用区被击中、停航，开罗机场数据显示三班飞苏丹港航班取消；港口集装箱码头被列为目标（Ambrey）；另有报道称卫星图像显示港口炼油厂储罐起火（检索摘要未注明出处媒体，待核）；海军基地遇袭。人员：伤亡数字本轮检索摘要未给出（待核）。经济/民生：燃油短缺、人道援助通道风险。,B,19.62,37.22,21,https://www.ewn.co.za/2025/05/06/drone-strikes-rock-port-sudan-in-third-day-of-attacks
港-28,周边港口,2025-05-05 至 2025-05-06,红海-亚丁湾,也门荷台达港（Hodeidah）及周边,本古里安机场中弹后，以军空袭荷台达港,以色列空军（机型、架次本轮检索未取得）,胡塞控制的荷台达港（防空反应本轮检索未取得）,空中、岸基,集群,被攻击受损,以色列战机空袭，机型、弹药、架次本轮检索未取得。打击前，以军阿拉伯语发言人阿维哈伊·阿德拉伊（Avichay Adraee）在社交媒体上对拉斯伊萨、荷台达、萨利夫三个胡塞控制港口发出撤离警告（检索摘要把5月与6月两次撤离警告混合，该三港警告是否属5月事件，需核对 IDF 原始通告）。,胡塞方面的防空反应、港口人员疏散情况本轮检索未取得。以军事先发出撤离警告，可能降低了伤亡，但仍有4死39伤的口径（胡塞卫生部门）。,人员：4死39伤（胡塞卫生部门口径，未独立核实）。设施：码头设备、油库、船舶受损情况本轮检索未取得。,C,14.8,42.95,3,https://www.khaleejtimes.com/world/mena/israel-warns-yemen-civilians-sanaa
港-29,周边港口,2025-06-10,红海-亚丁湾,也门荷台达港（Hodeidah）、拉斯伊萨（Ras Isa）、萨利夫（Al Salif）,以色列海军首次以舰载导弹打击胡塞港口,以色列国防军海军（导弹艇）,胡塞控制的荷台达港等港口,水面、空中、岸基,集群,被攻击受损,以海军导弹艇发射导弹，打击码头（胡塞媒体称两处码头被击中）。具体舰型、导弹型号与数量本轮检索未检索到（待核）。,以军事前对三港发布“紧急而重要”的撤离警告；胡塞方面的防空反应本轮检索未见。,码头：两处受损（胡塞口径）；人员：双方均未报告伤亡；经济影响：本轮检索未见。,B,14.8,42.95,7,https://www.aljazeera.com/news/2025/6/10/israel-strikes-yemens-hodeidah-port-threatens-blockade
港-30,周边港口,2025-06-14 至 2025-06-16,东地中海,以色列海法湾（Haifa Bay）海法港区，巴赞集团（Bazan Group）炼厂,伊朗导弹两度击中海法港区炼厂，3人死亡,伊朗弹道导弹部队（伊方称“真实承诺-3”行动，Operation True Promise III）,以色列本土多层防空；美国海军第六舰队5艘“阿利·伯克”级驱逐舰；美陆军驻以“萨德”连（以媒称）,空中,集群、饱和,被攻击受损,弹道导弹（型号、命中枚数未公开）。6月14日夜至15日的袭击造成厂区“局部损坏”并损坏供电；6月16日凌晨4时许导弹直接命中厂区。,以色列多层防空；美第六舰队5艘驱逐舰——“托马斯·赫德纳”号（USS Thomas Hudner）、“阿利·伯克”号（USS Arleigh Burke）、“沙利文斯”号（USS The Sullivans）、“奥斯卡·奥斯汀”号（USS Oscar Austin）、“保罗·伊格内修斯”号（USS Paul Ignatius）——以宙斯盾系统拦截，拦截弹型号未公布；以媒称美陆军驻以“萨德”（THAAD）连也参与拦截。,以方：巴赞员工3人死亡、2人轻伤（Airwars/《以色列时报》）；日加工19.7万桶的炼厂停产（Argus），港区设施全部关闭（IANS）；输气管线受损，卡里什、利维坦气田暂停供气（Globes）。美方：无损失，SM-3等拦截弹消耗未公开。,A,32.8,35.04,9,https://www.argusmedia.com/en/news-and-insights/latest-market-news/2699702-israel-s-haifa-refinery-shuts-after-iran-missile-strike
港-31,周边港口,2025-07-06 至 2025-07-07,红海-亚丁湾,也门荷台达港、拉斯伊萨、萨利夫港及拉斯卡提卜电站（Ras Kathnib）,以军夜袭三港一电站，并炸被扣商船,以色列空军（以军称约20架战机、约50枚导弹和炸弹）,胡塞控制的荷台达、拉斯伊萨、萨利夫港及拉斯卡提卜电站；被扣“银河领袖”号,空中、岸基,集群、饱和,被攻击受损,以色列空军约20架战机发射约50枚导弹和炸弹（以军口径，经 South24 转述）；打击三港、拉斯卡提卜电站和“银河领袖”号。,本轮检索未见胡塞防空反应记录（未检索到公开记录）。,设施：三港与电站受损（范围未检索到）；船舶：“银河领袖”号部分沉没（Maritime Executive）；人员伤亡本轮检索未检索到（待核）。,B,15.0,42.8,6,https://www.kurdistan24.net/en/story/850315/israel-launches-wave-of-strikes-on-yemens-hodeida-port-and-huthi-targets
港-32,周边港口,2025-07-09 至 2026-01-09,马六甲-新加坡海峡,菲利普水道、廖内群岛（Riau Islands）、巴淡岛（Batam）,印尼抓捕后新加坡海峡劫案下降,在廖内群岛一带活动的抢劫团伙（至少一伙自2017年起活动）,印尼廖内群岛水警、巴淡岛海警；新加坡信息融合中心（IFC）；ReCAAP,水面,集群,防御成功,小艇夜间追近转向减速的目标船，登船偷盗；2025年7月9日试图登上一艘在菲利普水道行驶的油轮。,印尼水警在海上抓捕8人，陆上抓捕3人，共11人；7—8月印尼巴淡岛海警三次抓捕；新加坡、印尼联合协调。,全年未检索到船员死亡记录；多为财物损失。,A,1.15,103.8,6,https://www.recaap.org/resources/ck/files/news/2026/Press%20release%20-%20ReCAAP%20ISC%20annual%20report%20(2025)%20-FINAL.pdf
港-33,周边港口,2025-09-07 至 2025-09-24,红海-亚丁湾,以色列南部埃拉特（Eilat）及其北侧的拉蒙国际机场（Ramon International Airport）,胡塞无人机屡中埃拉特，雷达已见却未告警,也门胡塞武装（自也门发射的无人机；对9月7日机场袭击公开认领）,以色列空军及防空部队（含直升机拦截、铁穹 Iron Dome 系统）,空中,集群、偷袭/突防,部分拦截,自也门发射的无人机，单次一至数架。9月7日一架命中拉蒙机场到达大厅，另有无人机被拦截；9月8日半小时内三架被空军拦截；9月18日一架命中埃拉特酒店区（路透社，据检索摘要转述）；9月24日一架坠落于埃拉特“海上商场”（Mall HaYam）一带商业区，距酒店仅数米。无人机型号、飞行距离和航迹，本轮检索均未取得。,以军防空发现多架自也门来袭的无人机，拦截一部分，另一部分进入以色列领空。9月7日一架被直升机拦截；9月8日空军半小时内拦截三架；9月24日铁穹尝试拦截，但目标低空飞行，早期探测延迟（以色列希伯来语媒体口径）；以军称曾尝试拦截。防空系统的具体型号、拦截弹数量本轮检索未取得。,设施：拉蒙机场到达大厅受损、机场一度暂停运行；埃拉特酒店区与商业区财产损失（金额未见）。人员：9月7日1至8人受伤（口径不一）；9月24日约20至22人受伤，其中2人重伤（一说）；9月18日伤者不多（路透社转述）。无死亡报道（本轮检索所见）。,B,29.56,34.95,7,https://www.timesofisrael.com/idf-intercepts-three-houthi-drones-launched-at-southern-israel/
港-34,周边港口,2025-09-09 至 2025-09-10,其他,"突尼斯西迪布赛义德港（Sidi Bou Said, Tunisia）",突尼斯港内两度“无人机袭击”，当局否认第一起,不明（船队未指认；突尼斯当局称未探测到无人机；以色列称船队为支持哈马斯的宣传噱头）,突尼斯海岸警察与当局；船队船上人员,空中,单平台,被攻击受损,据船队：无人机投放物引燃“阿尔玛”号上层甲板；船队发布了一件熔融塑料包裹的烧焦物体照片，称为无人机所投。机型与数量未检索到。,火势迅速被扑灭；突尼斯沿岸警察在船队船舶附近；当局称已展开调查。,“阿尔玛”号上层甲板火灾，无人受伤，无结构性损坏（船队口径）；“家庭号”损失未检索到。,C,36.87,10.35,4,https://www.maltatoday.com.mt/news/world/136932/drone_strike_hits_alma_in_second_flotilla_attack_this_week_
港-35,周边港口,2025-09-12 至 2026-05-02,波罗的海-北海,俄罗斯列宁格勒州芬兰湾北岸普里莫尔斯克港俄油运公司石油码头（Primorsk / Приморск，Transneft）,普里莫尔斯克油港8个月内三度遭无人机袭击,乌克兰国防军（2026年3月23日由乌克兰总参谋部通报）；实施部队番号未检索到公开记录,俄罗斯防空部队；港口运营方俄油运—普里莫尔斯克港公司（Transneft-Port Primorsk）,空中,集群、偷袭/突防,被攻击受损,远程攻击无人机（型号、数量未检索到公开记录）。,区域防空（拦截数据未检索到公开记录）；灭火与人员疏散；部分装船作业暂停；受损油轮移至港外锚泊。,俄方：油罐至少1座起火（2026年3月，州长口径）；储罐区与装油设施受损（乌总参口径）；泊位2个受损（2025年9月，ASTRA口径）；油轮“库斯托”号（2025年9月、2026年5月）、“彩云”号（2026年5月）受损，美联社称2026年5月共3艘；出口一度中断、复航后能力下降（报道口径）。人员伤亡：未检索到公开记录。,B,60.35,28.65,7,https://www.hellenicshippingnews.com/?p=1105039
港-36,周边港口,2025-09-25 至 2025-09-26,波罗的海-北海,德国石勒苏益格-荷尔斯泰因州基尔（Kiel）及基尔峡湾、基尔运河（Nord-Ostsee-Kanal）；罗斯托克（Rostock）；坐标取基尔市中心，为近似值,基尔造船厂与峡湾连夜遭无人机编队飞越,不明无人机操控方（来源、归属未公开；报道称有一说为飞行可能来自波罗的海上的船只，未证实）,德国石勒苏益格-荷尔斯泰因州警方与检察机关；TKMS（蒂森克虏伯海洋系统，Thyssenkrupp Marine Systems）；联邦国防军（检索结果未见其原始通报）,空中,集群,灰色地带对峙,多组不明无人机，规模与型号未公开。警方描述的形态是：基尔峡湾上空一组由一架较大无人机带领的编队；TKMS潜艇造船厂上空两架较小的无人机；各组沿平行航线飞行。检索结果未提供无人机总数、机型、飞行高度与滞空时间。,检索所获报道仅见警方勘察、航线研判和检察机关立案调查；未见击落、干扰、捕获或确认操控者的记录。TKMS表示与当局保持密切联系。联邦国防军在基尔的反无人机措施未检索到公开记录。,无人员伤亡与设施损坏报道。TKMS造船厂及其他被覆盖场所是否中断作业、经济损失：未检索到公开记录。,B,54.32,10.14,4,https://meduza.io/en/news/2025/10/01/germany-reports-multiple-drone-groups-spotted-in-northern-regions-likely-spying-on-infrastructure
港-37,周边港口,2025-10-13 至 2026-01-23,马六甲-新加坡海峡,新加坡海峡、马六甲海峡,马六甲海峡巡逻机制应对劫案升温,海盗/抢劫团伙（见前案）,新加坡、印尼、马来西亚、泰国四国马六甲海峡巡逻（MSP）；新加坡信息融合中心（IFC）,水面、空中,集群,防御成功,同前案。,MSP含三部分：海上巡逻（Malacca Straits Sea Patrol）、“空中之眼”联合空巡、情报交换小组；新加坡与印尼的CORPAT INDOSIN协调巡逻；IFC设25名来自20国的联络官。,同前案；无专门损失数据。,B,1.25,103.8,3,https://www.mindef.gov.sg/news-and-events/latest-releases/13oct25-mq/
港-38,周边港口,2025-11-06 至 2025-11-09,波罗的海-北海,比利时杜尔（Doel）核电站、安特卫普（Antwerp）港、布鲁塞尔与列日机场,比利时核电站、机场与安特卫普港上空无人机不明,不明无人机操控方；怀疑为俄罗斯所为，但未获证实,比利时政府与警方、国家空中安全中心（NASC）；英、法、德三国派出的反无人机分队；核电站运营商Engie,空中,集群、偷袭/突防,灰色地带对峙,不明无人机：11月9日晚杜尔核电站上空观察到3架（个别报道称最多5架）；11月6日夜间的机场无人机数量与型号未检索到。,11月5日比利时政府召开紧急国家安全委员会，决定加强国家空中安全中心（NASC）并考虑更多反无人机措施；英国、法国、德国武装力量向比利时派出反无人机分队与装备。检索结果未见击落记录。,机场暂停运行；核电站运行未受影响（Engie）；经济损失与航班取消数量未检索到。,C,51.32,4.26,5,https://dronelife.com/2025/11/10/unidentified-drone-incursions-at-belgium-nuclear-plant-highlight-growing-critical-infrastructure-threat/
港-39,周边港口,2025-11-14,黑海,"俄罗斯新罗西斯克海军基地、港口及谢斯哈里斯石油码头（Sheskharis oil terminal, Novorossiysk）",“海王星”与无人机夜袭新罗西斯克港与军港,乌克兰国防军（乌总参谋部通报；乌克兰海军参与“海王星”导弹打击）,俄罗斯黑海舰队新罗西斯克基地、港口防空体系（含S-400）,空中,异构、集群,被攻击受损,“海王星”（Neptune）巡航导弹+攻击无人机（数量待核）。,S-400等防空系统（乌方称一具S-400发射装置被命中）；拦截数据待核。,俄方：谢斯哈里斯石油码头及港口设施受损、石油出口暂停（路透社）；S-400发射装置与导弹储存点受损（乌方口径）。人员伤亡待核。乌方：待核。,B,44.7,37.8,6,https://www.pravda.com.ua/eng/news/2025/11/14/8007335
港-40,周边港口,2025-11-25 至 2025-11-29,黑海,俄罗斯新罗西斯克附近里海管道财团海运码头（CPC Marine Terminal）,无人艇炸毁CPC单点系泊浮筒，出口中断,未经官方认领（CPC未点名攻击方；媒体报道及乌方信息源指向乌克兰）,里海管道财团（CPC）海运码头、俄方港口防空体系,空中、水面,异构、偷袭/突防,被攻击受损,11月25日：无人机（CPC称战斗部破片击中行政楼）；11月29日：水面无人艇（数量待核）攻击海上单点系泊装置。,管道紧急自动关断系统（防止原油外泄）；人员疏散至掩蔽所；暂停装船；防空拦截数据待核。,CPC：海运码头行政楼受损（11月25日）；SPM-2单点系泊装置严重受损、无法运行（11月29日）；装船暂停。人员：无伤亡（CPC口径）。军方：登陆舰受损说法未证实。,B,44.66,37.65,7,https://tass.com/economy/2048699/amp
港-41,周边港口,2025-12-15 至 2025-12-23,黑海,"俄罗斯新罗西斯克海军基地潜艇泊位（Novorossiysk naval base, submarine pen）",首次无人潜航器突入军港袭击潜艇,乌克兰安全局（SBU）第13总局与乌克兰海军联合实施,俄罗斯黑海舰队新罗西斯克海军基地,水下、空中,偷袭/突防、异构,遭偷袭受损,“水下海宝宝”（Sub Sea Baby）无人潜航器（UUV，数量与技术参数未公开）；前置行动：打击叶伊斯克机场的伊尔-38N反潜巡逻机（SBU口径）。,潜艇泊位位于基地内侧；伊尔-38N反潜巡逻机为黑海方向唯一可探测该型潜航器的空中平台（SBU口径）；其他水下防御措施待核。,俄方：“基洛”级潜艇1艘受损或沉没（乌方口径），俄方否认；伊尔-38N反潜机1架被击（SBU口径）。人员伤亡未检索到公开记录。乌方：待核。,B,44.7,37.8,6,https://www.navalnews.com/?p=81275
港-42,周边港口,2025-12-29 至 2026-01-03,加勒比,委内瑞拉：拉瓜伊拉港（La Guaira）、希格罗特（Higuerote）机场、加拉加斯（Caracas）堡垒区Fuerte Tiuna、拉卡洛塔（La Carlota）空军基地、阿拉瓜州马拉凯（Maracay）空军基地（一处来源）；12月码头具体位置未公开,美军先炸码头后打拉瓜伊拉港，两栖舰成为抓捕平台,美军（“南方之矛”联合特遣部队、美军特种部队“三角洲”等；12月码头打击据称为CIA无人机）,委内瑞拉武装力量（防空与海岸防御）；委内瑞拉政府,空中、岸基、水面,异构、偷袭/突防、集群,被攻击受损,12月：CIA无人机打击一处偏僻码头（CNN、AP匿名消息）。1月3日：约150架以上飞机从西半球20个基地起飞（美军参联会主席丹·凯恩Dan Caine口径），打击持续约半小时；直升机低空飞行规避雷达；传言加拉加斯断电（未经证实）。,委内瑞拉方面：防空与地面部队反应的细节本次检索未取得；副总统德尔西·罗德里格斯（Delcy Rodríguez）称遭“残暴袭击”，造成军人与平民伤亡（具体数字未检索到）。,委内瑞拉：军人与平民伤亡（委方口径，数字未检索到）；港口、机场、通信站损伤程度未检索到。美方：无人阵亡（特朗普口径）。,B,10.6,-66.93,8,https://wbhm.org/npr-story/cia-behind-strike-at-venezuelan-dock-that-trump-claims-was-used-by-drug-smugglers-ap-sources-say
港-43,周边港口,2026-02-28 至 2026-03-19,东地中海,以色列海法湾巴赞集团（Bazan Group）炼化综合体；东地中海卡里什（Karish）、利维坦（Leviathan）离岸气田,海法湾炼厂再遭拦截残片击中，海上气田停产,伊朗（弹道导弹）,以色列多层防空；离岸气田采取预防性停产,空中,集群,被攻击受损,伊朗弹道导弹（数量、型号未公开），在海法湾上空被拦截，残片落入巴赞厂区。,以色列防空拦截（具体系统未公开）；对离岸气田实施预防性停产。,巴赞：电气基础设施、建筑物受损，部分装置停运；以色列天然气管道公司供气设施受损；未见人员伤亡报告。卡里什、利维坦：2月28日起预防性停产（复产时间未检索）。,B,32.8,35.04,3,https://www.calcalistech.com/ctechnews/article/rkhnh7tq11x
港-44,周边港口,2026-02-28 至 2026-03-16,波斯湾-霍尔木兹-阿曼湾,伊朗阿巴斯港海军基地（Bandar Abbas）；恰巴哈尔湾两岸的科纳拉克海军基地（Konarak）与恰巴哈尔港（Chabahar / Chah Bahar）,伊朗海军舰艇泊港遭成批摧毁,美国中央司令部（CENTCOM）打击力量（以色列同期参战）,伊朗伊斯兰共和国海军（IRIN）、伊斯兰革命卫队海军（IRGCN）,空中,集群、偷袭/突防,被击沉/摧毁,美军空中精确打击，覆盖波斯湾沿岸多处海军基地；所用平台与弹种未公开（待核）。,伊朗岸基防空及停泊舰艇自身防空；未检索到有效拦截记录。,伊朗方（美方及开源分析口径）：无人机母舰“沙希德·巴盖里”号被毁；前沿基地舰“马克兰”号被击中起火；“基洛”级潜艇1艘可能沉没；护卫舰/轻型护卫舰至少1—3艘在科纳拉克/恰巴哈尔坐沉（舰名有分歧）；双体轻型护卫舰“希拉齐”号被击中（是否沉没有分歧）；累计舰艇损失美方称逾100艘（3月16日）。人员伤亡：海军官兵伤亡未检索到公开记录；米纳卜女子学校约170人死亡（大英百科）。,A,27.14,56.21,9,https://news.usni.org/2026/03/02/iranian-naval-forces-are-major-target-in-operation-epic-fury-strikes
港-45,周边港口,2026-03-02 至 2026-04-06,黑海,俄罗斯新罗西斯克港/海军基地（Novorossiysk）,无人机连续袭击新罗西斯克两艘“口径”护卫舰,乌克兰安全局（SBU，3月2日，据SBU消息源）；乌克兰无人系统部队（4月6日，指挥官布罗夫迪通报）,俄罗斯黑海舰队、舰载防空及港口防空体系,空中,集群、偷袭/突防,被攻击受损,攻击无人机（型号与数量待核）。,舰载防空导弹拦截（4月6日“马卡罗夫海军上将”号发射防空导弹，未能阻止无人机命中）；港口防空拦截数据待核。,俄方：“埃森海军上将”号受损（乌方消息源称“口径”发射能力丧失）；“马卡罗夫海军上将”号受损（乌方口径，程度未明）。人员伤亡未检索到公开记录。乌方：待核。,C,44.7,37.8,5,https://euromaidanpress.com/2026/03/05/russias-frigate-admiral-essen-can-no-longer-fire-kalibr-missiles-after-ukrainian-strike-sbu-sources-confirm/
港-46,周边港口,2026-03-02 至 2026-03-19,波斯湾-霍尔木兹-阿曼湾,卡塔尔拉斯拉凡工业城（Ras Laffan Industrial City）；伊朗布什尔省阿萨卢耶（Asaluyeh）南帕尔斯经济能源特区；沙特拉斯坦努拉（Ras Tanura）炼厂；阿联酋富查伊拉石油工业区（Fujairah Oil Industry Zone）（坐标取拉斯拉凡）,能源互袭：拉斯拉凡LNG港重创，海湾多港起火,伊朗（打击拉斯拉凡、拉斯坦努拉、富查伊拉等）；以色列空军（打击南帕尔斯陆上设施，维基百科称美方协调批准，特朗普否认事先知情）,卡塔尔、沙特、阿联酋防空体系及能源企业；伊朗,空中,集群、异构,被攻击受损,伊朗：弹道导弹（拉斯拉凡5枚，1枚命中、4枚被拦截，卡方口径）；无人机（拉斯坦努拉2架被拦截后残骸落入厂区，路透社称；富查伊拉多次无人机袭击）。以色列：空袭南帕尔斯陆上处理设施和阿萨卢耶炼厂（弹药未公开）。,卡塔尔防空拦截4枚导弹；沙特拦截2架无人机；阿联酋拦截导弹，残骸导致哈卜善（Habshan）气厂、巴布（Bab）油田起火。各国均启动应急灭火。,卡塔尔：14条LNG线中2条、2座GTL厂中1座受损，年影响1280万吨LNG，持续3—5年，年收入损失约200亿美元（卡塔尔能源公司），宣布不可抗力，无伤亡。伊朗：南帕尔斯陆上设施与阿萨卢耶炼厂起火，维基百科称两座炼厂停产、对伊拉克供气中断。沙特：拉斯坦努拉有限火情、一度停产（说法不一）。阿联酋：富查伊拉石油工业区多次起火，哈卜善气厂关闭，无伤亡。,A,25.91,51.55,13,https://en.wikipedia.org/wiki/2026_South_Pars_field_attack
港-47,周边港口,2026-03-20,黑海,乌克兰敖德萨州港口（具体港口检索结果未明示，Odesa region ports）,两艘靠泊装粮散货船夜间遭无人机击中,俄罗斯武装力量（乌方称打击型无人机，Liga 标题称“沙希德”）,乌克兰防空力量；乌克兰海港管理局；敖德萨州军事管理局,空中,集群,被攻击受损,乌方称：打击型无人机（“沙希德”类，Liga 标题措辞）攻击港区；来袭数量本轮未检索到。,本轮检索未获拦截数据；港口继续在“安保限制”下运作（乌克兰海港管理局口径）。,人员：2人受伤。装备：2艘装粮商船受损（均未沉没），1座粮仓、港口设备、行政楼受损；火情已扑灭。货损数量与经济损失未检索到。,B,46.49,30.74,5,https://euromaidanpress.com/2026/03/20/russia-hit-two-grain-loaded-ships-under-palau-and-barbados-flags-in-odesa-port-overnight-grain-bunker-and-administrative-buildings-also-damaged/
港-48,周边港口,2026-04-14 至 2026-05-19,黑海,乌克兰敖德萨州伊兹梅尔（Izmail）港及伊兹梅尔区，多瑙河基利亚河口支流,伊兹梅尔港连遭夜袭，防空拦截多数,俄罗斯武装力量（无人机；型号乌方未在检索结果中说明）,乌克兰防空力量（南部防空部队，敖德萨州行政当局通报）、伊兹梅尔区行政当局,空中,集群,部分拦截,夜间无人机集群（架数乌方未在检索结果中公布）；5月15—16日一轮为全国近300架无人机的大规模打击，伊兹梅尔区只是其中一个受袭方向。,乌防空力量在伊兹梅尔区开阔地域击落来袭无人机（机动火力组或拦截无人机的参与情况未公布）；船舶未见防护措施记录。,船舶：LADY MARIS（巴拿马旗）受损，程度未公布；陆上：仓库及附属建筑（5月2日）、居民及港口设施（5月15—16日）受损；人员：5月15—16日数人受伤，4月、5月2日、5月19日未见伤亡通报。,B,45.35,28.84,8,https://gcaptain.com/russian-drones-hit-ukrainian-port-damage-panama-flagged-vessel-officials-say/
港-49,周边港口,2026-04-19,黑海,黑海西北部乌方海上作战区（具体位置未公布；坐标取敖德萨作示意）,无人艇载拦截机首次海上击落沙希德,俄罗斯武装力量（“沙希德”类远程自杀式无人机，1架）,乌克兰无人系统部队（Unmanned Systems Forces）第412“复仇女神”旅（412th Nemesis Brigade）水面无人艇分队,水面、空中,异构、单平台,防御成功,俄“沙希德”类远程自杀式无人机，1架；俄方常使无人机经黑海飞向敖德萨及东南部城市。,无人艇（平台型号未披露，该旅使用麦格拉（Magura）系列；一份报道称3月有麦格拉改装以发射拦截无人机）搭载并发射拦截无人机；一份报道点名为“Sting”拦截机。,无损失通报；击落1架“沙希德”类无人机（乌方口径）。,B,46.49,30.74,7,https://euromaidanpress.com/2026/04/19/a-boat-with-no-crew-just-shot-down-a-shahed-ukraine-says-its-a-world-first/
港-50,周边港口,2026-05-04,黑海,乌克兰大敖德萨港口群（敖德萨、切尔诺莫尔斯克、南方港等；具体港口未公布）,港口自建防空组首获击落，规模未明,俄罗斯武装力量（“沙希德”、扎拉（Zala）等无人机）,乌克兰港口企业防空小组（隶属空军）；国防部“民营防空”试点,空中,集群,部分拦截,2026年1—4月针对港口基础设施的无人机超过800架（库列巴口径），型别含“沙希德”和扎拉侦察/攻击无人机。,港口企业员工（多为全面战争老兵）组成的防空小组，隶属空军，与空军协调；装备种类（机枪、拦截无人机、电子战）本轮未取得；国防部审核企业资格。,累计口径（库列巴，2022年起）：900余处港口基础设施受损或部分被毁，含177艘民用船舶；2026年1—4月来袭港口的无人机800余架（2025年同期75架）。,B,46.5,30.75,8,https://euromaidanpress.com/2026/05/04/russia-fired-75-drones-at-ukrainian-ports-in-early-2025-this-year-the-figure-is-over-800/
港-51,周边港口,2026-06-20 至 2026-08-25,黑海,乌克兰敖德萨、切尔诺莫尔斯克、南方港及黑海航道；另涉尼古拉耶夫港（Mykolaiv）,一个月28艘商船被袭，乌黑海航道一度零通航,俄罗斯武装力量（导弹、无人机；俄国防部称其对象为运送军需的船舶与港口军用设施）,乌克兰防空力量、海军、海港管理局、国家边防局海上警卫队；船东/保险方（商业层面）,空中、水面,集群、饱和,被攻击受损,巡航导弹（Kh-59/Kh-69，见“金狮”号案）、无人机（“沙希德”类）、7月17日另有导弹击中港口基础设施；乌方统计：7月港内船舶遭袭35次、海上22次（合计57，与《外交政策》“57艘”一致）、港口设施遭袭67次（该组数字所属机构本轮未能核实）。,乌方防空与海上警卫队救援；商业层面：船东暂停挂靠、保险战争险提价、马士基改道。《时代》周刊报道称乌防空拦截弹短缺并称乌方淡化损失（经检索摘要转述，单一来源）。,人员：6月20日—7月20日21名海员与港口员工死亡（敖德萨州检察机关口径）；“金狮”号10死、帕劳旗船2失踪等。装备：至少1艘沉没（“金狮”号），多艘受损。经济：乌粮食出口约减三分之一，运费约翻倍（《外交政策》口径），战争险提价，马士基停航。乌方对俄方船舶的反制损失不在本案范围。,B,46.4,30.75,11,https://www.thestar.com.my/news/world/2026/07/23/shipowners-halt-calls-at-ukraine039s-black-sea-ports-wary-of-russian-strikes
港-52,周边港口,2026-07-13 至 2026-07-18,黑海,乌克兰敖德萨州港口及邻近黑海水域（Odesa region ports）,五日内外籍商船连续中弹，救援队遭二次打击,俄罗斯武装力量（导弹与无人机；具体型号本轮多数未检索到）,乌克兰防空力量；敖德萨州军事管理局,空中,集群、饱和,被攻击受损,7月17日傍晚为导弹打击港口基础设施并击中船舶；7月18日为“协同打击”并伴随对救援力量的二次打击；其余日期弹种未检索到。,本轮检索未获拦截数据。受袭后船员撤离、消防与救援队处置（第二次打击时救援设备受损但无人员伤亡）。,人员（乌方口径，逐起不同）：7月13日多哥旗船3死5伤；7月14日马绍尔旗船2死；7月17日马绍尔旗船4伤；7月18日安提瓜旗船1死3伤；7月15日敖德萨住宅楼3死。装备：船舶上层建筑受损起火；救援设备受损。经济损失未检索到。,B,46.45,30.8,7,https://www.aljazeera.com/amp/news/2026/7/15/russian-attack-on-odesa-kills-three-as-ukraine-targets-vessels-in-black-sea
港-53,周边港口,2026-07-13 至 2026-08-24,红海-亚丁湾,红海东岸沙特海域，延布（Yanbu）外海、舒凯克（Al Shuqaiq）以西等,胡塞封锁沙特：延布外海油轮中弹起火,也门胡塞武装（弹道导弹，一说另有无人机）,沙特航运公司 Bahri 等沙特关联油轮；沙特红海出口港延布（Yanbu）与东西输油管线,空中、岸基,集群,被攻击受损,胡塞称使用多枚弹道导弹（加扎勒号）；安赞号遭“未知投射物”命中，胡塞称弹道导弹，一说另有无人机。UKMTO 记载7月5日一艘散货船在荷台达西南约30海里遭小艇（skiff）开火，7月23日一艘油轮在舒凯克西南被击中。,沙特油轮改道北上至延布装货；UKMTO 通报；沙特方面公开信息有限。联军或沙特海军拦截记录本轮检索未见（待核）。,安赞号：主甲板起火，无人员受伤，无环境影响（Bahri/UKMTO）；恩塞利亚号：船首起火（SPA）；其余攻击未见确认损失。经济：保险成本每次往返增加约100万美元（Africa Center）；海峡通过量下降（见提哈马案）。,B,24.1,36.9,12,https://www.aljazeera.com/news/2026/7/28/yemens-houthis-claim-missile-attack-on-saudi-arabia-oil-tanker
港-54,周边港口,2026-07-18,黑海,乌克兰敖德萨州（敖德萨港及港口基础设施，Odesa Oblast）,敖德萨方向混合打击，导弹仅拦1/7,俄罗斯武装力量（弹道导弹、反舰导弹、空射制导导弹、无人机与诱饵混编）,乌克兰空军及南部防空力量,空中,异构、饱和,部分拦截,乌空军7月18日晨通报（截至9时）：2枚伊斯坎德尔-M（Iskander-M）弹道导弹、2枚缟玛瑙（Oniks / P-800 Onyx）反舰导弹、3枚Kh-59/69空射制导导弹，90架“沙希德”类攻击无人机，另有Gerbera、Italmas、Banderol、Parodia等型诱饵/仿制无人机。Mezha 另有报道称俄在敖德萨方向改变无人机战术，使用Banderol和“沙希德-238”（喷气式）。,乌防空力量截至9时击落或压制1枚Kh-59/69和69架无人机（全国口径，涵盖北、南、东部）；拦截手段（防空导弹、机动火力组、电子战）的构成未公布。,港口基础设施受损；一艘外籍民用船受损，4名船员受伤（敖德萨州军事当局口径）；住宅受损、一名4岁儿童受伤（nv.ua，日期待核）。,B,46.49,30.75,5,https://english.nv.ua/russian-war/russia-attacks-ukraine-with-seven-missiles-and-90-drones-targets-odesa-50625356.html
港-55,周边港口,2026-07-19 至 2026-07-26,黑海,乌克兰敖德萨沿岸黑海水域，离港航段（off Odesa）,出港运玉米的散货船中三枚巡航导弹，10人死亡,俄罗斯武装力量（乌海军称发射3枚Kh-59/Kh-69巡航导弹）,乌克兰海军、海港管理局、乌克兰海事管理局（事后处置）,空中,单平台,被击沉/摧毁,乌海军称：3枚Kh-59/Kh-69巡航导弹，其中一枚命中右舷上层建筑并引发大火。发射平台、起飞机场本轮未检索到。,本轮检索未获拦截记录。船舶在乌方航道内航行，随船有乌克兰引航员；事后乌方“提高港口安保”，具体内容本轮未检索到。,人员：10死（9名船员+1名引航员，基佩尔/海港管理局口径；早期6—10各口径），8名船员获救。装备：船舶沉没（7月26日），全损。环境：截至7月27日未见油污迹象，但有泄漏风险。货物：玉米，数量未检索到。,B,46.45,30.85,9,https://maritime-executive.com/article/multiple-crewmembers-killed-in-russian-strike-on-turkish-bulker
港-56,周边港口,2026-07-25,黑海,乌克兰敖德萨州港口离港水域（另有报道称“驶离多瑙河河口”，待核）,出港运玉米的帕劳旗船两次中弹，两名海员失踪,俄罗斯武装力量（乌方称“沙希德”无人机）,乌克兰海军；国家边防局；乌克兰基础设施部,空中,单平台,被攻击受损,乌方称：“沙希德”类无人机两次命中；来袭架数本轮未检索到。,未检索到拦截记录；事后搜救（执行单位本轮未核），7名船员与引航员获救。,"人员：2名船员失踪（截至7月26日无官方结论），8人获救。装备：帕劳旗散货船两次中弹起火，损伤程度未检索到。货物：约2,800吨玉米。",B,46.49,30.74,5,https://www.pravda.com.ua/eng/news/2026/07/25/8045907/
港-57,周边港口,2026-08-03 至 2026-09-23,黑海,乌克兰敖德萨港及敖德萨州、尼古拉耶夫港水域（Odesa / Mykolaiv）,8—9月俄称持续打击敖德萨，乌方通报稀少,俄罗斯武装力量（国防部口径：精确空射武器与攻击无人机，含“Geran-4 Seeker”）,乌克兰（敖德萨州军事行政当局、海军、海港管理局）,空中,集群、单平台,被攻击受损,俄国防部口径：精确空射武器和攻击无人机；9月18—19日称使用“Geran-4 Seeker”无人机（《消息报》）；福布斯称改型“盖兰-4”为喷气式，速度可达约500公里/小时，7月以来大量用于黑海港口。,乌方在8月的拦截与防护情况本轮未检索到；乌空军逐夜通报中涉及8月敖德萨方向的击落数亦未取得。,仅9月23日一案有死亡记录（1人）；其余为俄方通报的“击中”数量，乌方损失口径未取得。8月的船舶与港口设施损失无法核实。,C,46.49,30.74,7,https://qna.org.qa/en/News-Area/News/2026-8/3/russian-defense-ministry-conducts-strike-on-3-cargo-ships-in-black-sea-downs-ukrainian-drones
港-58,周边港口,2026-08-12 至 2026-08-13,黑海,俄罗斯新罗西斯克海军基地、港口泊位及谢斯哈里斯石油码头（Novorossiysk）,15类武器异构齐袭新罗西斯克，四舰受损,乌克兰国防军总参谋部与乌克兰安全局（SBU）联合行动（泽连斯基、乌总参、SBU通报）,俄罗斯黑海舰队新罗西斯克基地、港口防空体系（含S-300）,空中、水面,异构、集群、饱和,被攻击受损,泽连斯基称首次在一次行动中组合使用超过15种打击系统，包括“帕利亚尼察”（Palianytsia）喷气无人机、“佩克洛”（Peklo）无人机、远程型“海王星”导弹及一组海上无人平台/无人艇；具体数量待核。,港口防空系统（乌方称S-300系统30N6E雷达被命中）；新罗西斯克市长称防空系统启动；俄国防部称当夜共拦截502架乌方作战无人机（德新社报道，为当夜全境总数，未单列新罗西斯克方向）；舰艇与港口方向的拦截数据未检索到。,俄方：护卫舰2艘（“马卡罗夫海军上将”号、“埃森海军上将”号）中等损伤、VLS可能失效（Naval News卫星图分析）；巡逻舰1艘、导弹舰1艘受损（乌方口径）；S-300雷达1部受损（乌方口径）；居民楼6栋受损（市长口径）；3人死亡（克拉斯诺达尔边疆区行政长官口径）；扫雷舰、侦察船另有受损（Exilenova+口径）。乌方：待核。,A,44.7,37.8,19,https://www.navalnews.com/naval-news/2026/08/ukrainian-drone-strike-russian-frigates-novorossiysk/
港-59,周边港口,2026-09-09,黑海,俄罗斯新罗西斯克海军基地及海港燃油码头（Novorossiysk）,新罗西斯克军港与燃油码头再遭夜袭,乌克兰国防军（乌克兰总参谋部通报）,俄罗斯黑海舰队新罗西斯克基地及港口、城区防空体系,空中,集群,被攻击受损,无人机（俄方报道口径）；型号、数量未检索到可确认对应本次的公开记录。,港口与城区防空（拦截数据未检索到公开记录）。,俄方：燃油码头起火（双方口径）；多艘军舰被击中（乌方口径，未证实）；4人死亡、至少29人受伤（俄方地方官员口径）。乌方：未检索到公开记录。,B,44.7,37.8,3,https://censor.net/en/news/4022535/defense-forces-struck-a-russian-naval-base-in-novorossiysk
港-60,周边港口,2026-09-23,黑海,乌克兰敖德萨州（州长称在敖德萨州，海港管理局称船在黑海水域被击中；确切位置、码头未公布；坐标取敖德萨作示意）,安提瓜旗货船遇袭，乌籍船长死亡,俄罗斯武装力量（乌方称；手段未公布）,乌克兰海军（撤离船员）、敖德萨州军事行政当局、乌克兰海港管理局（USPA）；船旗国安提瓜和巴布达,空中,单平台,被攻击受损,乌方通报未说明弹种与数量（本轮检索未见）。俄国防部同期称无人机击中一艘驶向敖德萨、载“军事用途货物”的干货船，未给船名与船旗；检索摘要判断可能指同一事件，无官方确认。《消息报》（Izvestia）称，国防部9月18日通报击中两艘干货船，9月19日发布无人机打击一艘干货船和一艘油轮的视频，使用“Geran-4 Seeker”无人机；这些通报与9月23日事件的关系未核实。,无拦截记录。受袭后由乌克兰海军撤离船员（海港管理局口径），明火已扑灭；仓库一侧的应急处置细节未取得。,人员：1死（船长，乌克兰公民），其余船员撤离，未见其他伤亡报道；船舶：起火，后扑灭，损伤程度未公布；陆上：仓库受损（Censor.net标题），细节待核。,B,46.49,30.74,8,https://www.pravda.com.ua/eng/news/2026/09/23/8054690/index.amp
礁-01,海上小岛,2023-02-02 至 2023-02-08,台海,马祖列岛（Matsu）与台湾本岛之间海底光缆路径，台湾海峡北部,马祖两条海缆一周内先后被截断,中国渔船（2月2日）、中国籍货轮（2月8日）；台方未公布是否蓄意,台湾中华电信、海巡署、国家通讯传播委员会（NCC）；马祖居民约1.2万人,水下、水面,单平台,被攻击受损,渔船锚泊或拖网勾断海底光缆；货轮同样损坏附近另一条光缆。具体船名、作业方式未在本轮检索取得。,岸基微波与卫星链路作为备援；中华电信抢修；海巡署追查肇事船。,两条海缆中断，马祖居民约1.2万人通信降级（具体中断时长与修复费用本轮未取得）。,B,26.16,119.95,4,https://foreignpolicy.com/2023/02/21/matsu-islands-internet-cables-china-taiwan/
礁-02,海上小岛,2023-02-11 至 2025-08-14,黑海,蛇岛（兹梅伊内岛，Zmiinyi / Snake Island），敖德萨州，黑海西北部，面积约0.17平方公里,蛇岛遭空袭与周边空海对抗线索汇编,俄军空中力量（苏-30SM、米格-29、滑翔制导炸弹；据俄国防部及乌媒表述）,乌方（岛由火力控制；是否有常驻乌军，本次检索未见公开记录）,空中、水面,单平台,被攻击受损,俄方：苏-30SM与米格-29对快艇扫射（俄国防部口径，2023年，日期待核）；滑翔制导炸弹（乌媒标题称，2024年5月）。,乌方火力控制（岸基/远程火力），具体配置本次检索未见。,未见系统统计；苏-30SM 1架（乌海军口径，2025-08-14，原因未明，飞行员失踪）；岛上损失与人员情况未检得。,C,45.255,30.204,5,https://kyivindependent.com/russian-su-30sm-fighter-jet-likely-down-near-snake-island-ukrainian-navy-says/
礁-03,海上小岛,2023-02-17 至 2023-03-19,南海,"南康暗沙东南约25海里、沙捞越外海卡沙瓦里气田（Kasawari, Block SK316）",海警5901逼近卡沙瓦里气田施工区,中国海警（CCG）5901舰（约1.2万吨级，媒体称“怪兽”）,马来西亚国家石油公司（Petronas）卡沙瓦里项目施工船队；马来西亚皇家海军舰艇,水面,单平台,灰色地带对峙,无武器使用记录。海警5901舰以近距离机动、伴随盯防的方式对离岸施工区施压；AIS显示最近距离约1.5海里。,马来西亚皇家海军舰艇到场跟踪监视（媒体称包括近海任务舰KD Keris，该点仅见于二手报道）；Petronas施工未停。,未检索到人员伤亡或设备损失记录。成本主要为海军与执法资产的长期占用。,B,5.3,112.4,5,https://www.worldoil.com/magazine/2023/april-2023/columns/oil-and-gas-in-the-capitals/
礁-04,海上小岛,2023-05-08 至 2024-02-22,南海,万安滩（Vanguard Bank / Bãi Tư Chính）及越南油气区块（含04-03区块）附近海域,万安滩海警常态巡航，越方渔监船伴随跟监,中国自然资源部“向阳红10”号调查船（2023年5月）及护航海警船、渔船；中国海警5901船（2023年12月—2024年2月）,越南渔业监察力量（“渔监261”号，Kiểm Ngư 261 等）、越南海警；万安滩越方据点（3处）,水面,单平台、集群,灰色地带对峙,调查船进入越方油气区块作业，海警船护航；万吨级海警船在油气区块附近长时间巡航，据OSINT部分时段关闭AIS。,越方渔监船伴随跟监；越南外交部交涉要求撤船。无冲突报道。,未检索到人员或装备损失的公开记录。,B,7.53,109.65,7,https://vietnamnews.vn/politics-laws/1543090/viet-nam-demands-china-withdraw-survey-ship-vessels-from-vietnamese-waters.html
礁-05,海上小岛,2023-08-05,南海,仁爱礁（Second Thomas Shoal / Ayungin / 仁愛暗沙）附近海域，距礁约2.9海里（菲外交部口径）,海警水炮拦阻仁爱礁运补，坐滩舰补给受阻,中国海警（菲方点名 CCG 4203、5305、5402 号船）；菲方称另有海军舰艇与海上民兵船在场,菲律宾武装部队（AFP）租用补给船；菲律宾海岸警卫队（PCG）“马拉布里戈”号（BRP Malabrigo）、“卡布拉”号（BRP Cabra，MRRV-4409）护航,水面,集群、异构,灰色地带对峙,中国海警船只水炮喷射与切入拦阻机动（菲方点名 4203 号对“卡布拉”号及补给船使用水炮；PCG 首批通报另点名 5305 号；5402 号对“卡布拉”号实施拦阻机动）。菲方口径：在场中方船只共11艘，含6艘海警船、3艘海军舰艇、2艘海上民兵船。中方口径：未公布己方船只数量（检索范围内）。,AFP 租用2艘当地民用补给船；PCG 2艘巡逻船护航；无武器反制。应对手段为公开影像与时间线、外交交涉（菲外交部召见中国大使、递交照会）和争取盟国表态。,未检索到人员伤亡的公开报道；一艘补给船未能卸货，任务部分失败；船只受损情况未检索到公开记录。,A,9.72,115.86,8,https://dfa.gov.ph/authentication-functions/113-newsroom/public-advisory/33091-statement-on-the-05-august-2023-incident-on-the-ayungin-shoal
礁-06,海上小岛,2023-08-24,黑海,克里米亚西端塔尔汉库特角（Cape Tarkhankut），近马亚克（Mayak）与奥列尼夫卡（Olenivka）,乌特种部队两栖登陆克里米亚西端岬角,乌克兰国防部情报总局（HUR/GUR）特种部队，海军配合,俄克里米亚驻军（含防空与雷达设施）,水面、岸基,偷袭/突防、异构,遭偷袭受损,乘艇登陆；火力打击（乌方称前一日毁S-400）；乌军海军配合。,岸上驻军与防空系统；俄方称发现并“消灭”一支破坏小组。,俄方：乌方称有人员与装备损失（具体数字不一，有称30人、4艘艇）；乌方称前日毁S-400一套。乌方：称无损失。数字均为单方口径，未获独立核实。,B,45.35,32.5,4,https://kyivpost.com/post/20887
礁-07,海上小岛,2023-09-11,黑海,克里米亚西北黑海“博伊科塔”（Boyko Towers/ Вишки Бойка）气田钻井平台群,乌特种部队夺回黑海钻井平台,乌克兰国防部情报总局（HUR/GUR）及国防部所属特种部队,占据平台的俄军（含雷达与观察哨）,水面、空中,偷袭/突防、异构,遭偷袭受损,特种兵乘快艇登上平台（乌方口径）；过程中与1架俄Su-30交火（战果乌方口径不一致）。,平台上驻有俄军雷达站及直升机起降设施；对空：1架Su-30到场（乌方称被击伤逼退，另一说被MANPADS击落，后者未获其他来源佐证）。,俄方：平台上的雷达与观察设备（据乌南部防御部队口径停用）、NAR火箭弹及“涅瓦”雷达被缴获；人员损失未见公开。乌方：未公布；俄方未公布。,B,45.6,31.6,6,https://en.lb.ua/news/2023/09/11/22386_boykos_towers_back_under.html
礁-08,海上小岛,2023-10-08,波罗的海-北海,芬兰湾芬兰—爱沙尼亚之间海域（Gulf of Finland，Balticconnector管线走廊；坐标为近似值）,锚损切断芬爱海底管线，意图至今未判,香港注册集装箱船“新新北极熊”号（Newnew Polar Bear）（船东/管理方：待核）；意图（故意、疏忽或意外）未定,芬兰国家调查局（NBI）、芬兰海军/边防部门；管线运营方；爱沙尼亚检方（另案调查）,水面、水下,单平台、偷袭/突防,被攻击受损,拖曳船锚划过海床。芬兰警方起出的船锚重约6吨、缺一爪，与该船缺失的船首锚比对相符；海床拖痕宽约1.5—4米，一直通到管道破裂点。,事发时无实时防护手段，属事后取证：芬兰海军用起重机从破裂点附近捞起船锚，国家调查局勘验海床拖痕并比对船锚，随后通过国际司法协助向中国方面移交调查。,管道及一条邻近通信电缆被切断；停输时长与修复费用本次未检索到可靠数字。无人员伤亡报道。,B,59.75,24.05,6,https://qz.com/anchor-of-chinese-container-vessel-caused-damage-to-bal-1850954961
礁-09,海上小岛,2023-10-22,南海,仁爱礁（Second Thomas Shoal / Ayungin）东北偏东约13.5海里（菲方口径）,海警船与民兵船两度碰撞，运补仍然送达,中国海警 5203 号船；海上民兵船 00003 号（菲方口径）；菲方称另有多艘海警船围堵,菲律宾武装部队租用补给船“乌奈扎·梅2号”（Unaiza May 2）、“乌奈扎·梅1号”（Unaiza May 1）；PCG“卡布拉”号（BRP Cabra，MRRV-4409）,水面,集群、异构,灰色地带对峙,中国海警 5203 号船的拦阻机动与补给船“乌奈扎·梅2号”碰撞（06:04）；海上民兵船 00003 号与“卡布拉”号左舷接触（08:14）。菲防长称4艘菲船中3艘被7艘较大的海警船包围。,两艘补给船并进；PCG“卡布拉”号护航；“乌奈扎·梅1号”最终抵达“马德雷山”号完成补给。无武器反制。,补给船“乌奈扎·梅2号”受损（程度未检索到）；PCG“卡布拉”号左舷接触，损伤情况未检索到；未检索到人员伤亡报道。中方船只受损情况：中方称其海警船和一艘渔船被碰撞，未给出损伤细节。,A,9.8,116.07,6,https://news.usni.org/2023/10/22/china-coast-guard-vessel-collides-with-filipino-supply-ship-in-south-china-sea
礁-10,海上小岛,2023-12-10,南海,仁爱礁（Second Thomas Shoal / Ayungin）附近海域（具体位置未检索到）,水炮击瘫补给船推进系统，补给任务仍完成,中国海警（船号未检索到）,PCG“卡布拉”号（BRP Cabra）；补给船“卡拉扬”号（MV Kalayaan）、“乌奈扎·梅1号”（Unaizah Mae 1）,水面,集群,灰色地带对峙,中国海警水炮（击中“卡布拉”号与“卡拉扬”号）；中方船只冲撞“乌奈扎·梅1号”（USNI 时间线口径）。,PCG“卡布拉”号护航并拖带失去动力的“卡拉扬”号返回巴拉望（Palawan）；另一艘补给船完成任务。,3艘菲方船只受损（“卡布拉”号、“卡拉扬”号、“乌奈扎·梅1号”）；“卡拉扬”号推进系统失效，被拖回；人员伤亡未检索到。,B,9.72,115.86,3,https://news.usni.org/2024/04/04/timeline-of-chinese-harassment-of-second-thomas-shoal-resupply-missions
礁-11,海上小岛,2024-01-01 至 2024-11-19,南海,南康暗沙（Luconia Shoals / Beting Patinggi Ali）及沙捞越外海马来西亚专属经济区,海警全年驻守南康暗沙压向马方气田,中国海警（9艘不同舰船轮换，含5402）,Petronas及其合同钻井平台；马来西亚皇家海军、海事执法局（MMEA）,水面,集群,灰色地带对峙,海警船轮换驻守，近距离靠近离岸作业设施；AMTI称中国船只常进入关键气田平台1000米内；2024年11月19日海警5402据称逼近一座自升式钻井平台至约2海里。无武器使用记录。,马方海军与MMEA舰艇伴随监视，不采取强制行动；外交上由总理公开表态继续作业。,未检索到直接损失记录。,B,5.3,112.3,6,https://amti.csis.org/a-well-oiled-machine-chinese-patrols-at-luconia-shoals/
礁-12,海上小岛,2024-03-05 至 2024-03-23,南海,仁爱礁（Second Thomas Shoal / Ayungin）附近海域,三月两度水炮击伤水兵，补给改乘橡皮艇,中国海警（3月5日据 USNI 为2艘海警船，其中与护航舰接触的为21555号；3月23日船号未检索到）；海上民兵（3月23日设置浮动障碍，菲军方口径）,菲律宾海军官兵乘租用补给船“乌奈扎·梅4号”；护航舰“辛达根”号（BRP Sindangan）,水面,集群、异构,被攻击受损,海警船水炮持续冲击（3月23日据菲军方称近一小时的“直接喷射”）；3月5日另有海警21555号与“辛达根”号近距离接触；3月23日海上民兵布设浮动障碍。,护航舰“辛达根”号拖带/护送受损补给船返回巴拉望；3月23日由6名海军人员改乘充气艇抵达“马德雷山”号完成换防（菲方口径，彭博转述）。,3月5日：4名菲海军官兵轻伤（USNI），“乌奈扎·梅4号”挡风玻璃破碎，“辛达根”号表面轻损；3月23日：3名（ABS-CBN/SunStar）至“多名”（USNI）水兵受伤，“乌奈扎·梅4号”推进系统失效、受重创（USNI）。中方损失：未检索到公开记录。,A,9.72,115.86,9,https://news.usni.org/2024/03/05/4-philippine-sailors-injured-2-vessels-damaged-in-chinese-attempt-to-block-second-thomas-shoal-resupply
礁-13,海上小岛,2024-04-30,南海,黄岩岛（Scarborough Shoal / Bajo de Masinloc / Panatag Shoal）附近，菲方称距礁约1000码至12海里不等,两船夹射水炮，菲海警船栏杆顶棚受损,中国海警（菲方点名舷号3105、5303等船），菲方称另有海上民兵船在场,菲律宾海岸警卫队（PCG）“巴加凯”号（BRP Bagacay）巡逻船；菲律宾渔业与水产资源局（BFAR）“达图·班考”号（BRP Datu Bankaw，部分报道作 BRP Bankaw）,水面,集群,灰色地带对峙,中国海警船只两船同时对“巴加凯”号喷射水炮，并对渔业局船只喷射水炮；拦阻、伴随机动。菲方称现场有4艘中国海警船、6艘海上民兵船。中方另被报道在黄岩岛口门重设约380米拦截浮障。,PCG巡逻船与BFAR公务船编队；无武器反制。应对手段为坚持留在现场继续巡逻、随船记者拍摄、发布影像与损伤照片、外交抗议。,菲方口径：“巴加凯”号栏杆、顶棚受损，BFAR船通信与导航设备受影响；未报人员受伤。中方未报损失。,A,15.15,117.76,6,https://news.usni.org/2024/04/30/china-coast-guard-attacks-philippine-ships-near-scarborough-shoal-say-officials
礁-14,海上小岛,2024-06-17,南海,仁爱礁（Second Thomas Shoal / Ayungin）附近海域,海警围堵登临菲海军艇，刀斧伤人缴装备,中国海警（含小艇，菲方口径8艘），海上民兵与解放军海军舰艇策应（AMTI 口径）,菲律宾海军（2艘硬壳充气艇 RHIB）及民用补给船“拉普拉普”号（ML Lapulapu）（英文维基条目口径）,水面,集群、异构,被攻击受损,海警小艇围堵、撞击与登临；刀、斧等冷兵器破坏艇体并毁坏装备（AMTI、AFP 影像口径）；部分媒体称另有棍棒。菲方报告当日中方小艇共8艘，约为2024年其他补给任务常见的3—4艘的两倍。AMTI 称迄今未见火器、舰载武器等致命武器在该礁使用。,菲海军官兵乘2艘充气艇；据菲军方称人员处于被围、未武装对抗状态，未使用武器；菲方事后以公开影像、外交渠道和暂停公布补给时间表应对，未援引《美菲共同防御条约》。,菲方：多人受伤（维基条目写8人，待核），一名水兵失去拇指；一艘海军充气艇被破坏，装备被缴获或毁坏（含枪支，菲军方口径）。中方：声明未提损失，其他渠道未检索到。,A,9.72,115.86,10,https://amti.csis.org/shifting-tactics-at-second-thomas-shoal/
礁-15,海上小岛,2024-06-18 至 2024-08-12,红海-亚丁湾,红海东岸也门卡马兰岛（Kamaran Island，荷台达以北外海）,美英首次空袭胡塞控制的卡马兰岛,美国与英国（据胡塞媒体及转述其口径的媒体；联军官方声明本轮未检索到）,也门胡塞武装（实际控制该岛）,空中、水面,集群,被攻击受损,美英战机空袭，机型、弹药、架次本轮检索均未取得。胡塞媒体 Al-Masirah 称6月对卡马兰岛实施四次打击，同时对荷台达机场实施六次打击；Saba 称8月对该岛实施一次空袭。,胡塞方面的防空反应本轮检索未取得。岛上居民在社交媒体称，一次打击命中了一艘胡塞爆炸无人艇（新华社稿，据检索摘要转述，联军未作评论）。,人员和设施损失本轮未检索到公开记录；胡塞 Saba 称8月的一次空袭无伤亡和财产损失信息；6月一次爆炸无人艇被击中为岛民说法，未获证实。,C,15.35,42.6,4,https://www.arabnews.pk/node/2532316
礁-16,海上小岛,2024-07-01 至 2026-09-23,南海,仁爱礁（Second Thomas Shoal / Ayungin）及其补给航线,临时安排使运补趋稳，检查与建材之争未解,（管控期）中国海警：跟监、询问确认、要求事先通报与现场检查（中方口径）,菲律宾海军/武装部队补给任务；PCG 视情护航,水面,,灰色地带对峙,管控期内无直接武力使用的公开记录（至2026年3月，菲方称无危险接触）；中方手段为现场监管、询问确认与对货物范围的限制要求。具体日期的“7月”安排文本未公开。,菲方按约一次约每六周的节奏轮换补给，运补船不再预先公布时间；不接受中方的“事先通报、现场检查”解释；继续用补给维持“马德雷山”号。,管控期内未检索到人员伤亡或船只受损的公开报道（至2026年3月）。,B,9.72,115.86,6,https://amti.csis.org/divergence-and-tacit-understanding-in-the-china-philippines-provisional-arrangement-at-second-thomas-shoal/
礁-17,海上小岛,2024-07-27,东地中海,东地中海以色列北部外海，卡里什气田（Karish gas field）离岸生产设施外围（坐标为示意）,萨尔-6舰以C-穹远距拦截飞向卡里什的无人机,黎巴嫩真主党（以方判断）,以色列海军“萨尔-6”级护卫舰（舰名未公开），舰载“C-穹”（C-Dome，“铁穹”海基型）,空中,单平台,防御成功,无人机1架（以方判断由真主党发射，很可能执行侦察；是否携带炸药，以军称仍在调查）。,“萨尔-6”级护卫舰在距气田“相当远的距离”以舰载C-穹拦截击落。背景：2022年7月2日的3架无人机，1架由F-16击落，2架由“萨尔-5”级“埃拉特”号（INS Eilat）发射“巴拉克-8”击落。,无直接损失。C-穹拦截弹消耗若干（数量未公开）。间接损失：2025年6月、2026年2月卡里什两度预防性停产（停产时长本轮未检索）。,B,33.05,34.05,9,https://www.timesofisrael.com/hezbollah-drone-apparently-heading-for-offshore-gas-rig-downed-by-israeli-navy/
礁-18,海上小岛,2024-08-06 至 2024-08-09,黑海,赫尔松州西部黑海沿岸坦德拉沙嘴（Tendra Spit/Tendrivska Spit）与金伯恩沙嘴（Kinburn Spit）,乌特种部队两栖突袭坦德拉与金伯恩沙嘴,乌克兰国防部情报总局（HUR/GUR）：坦德拉为“Artan”行动分队（海上中心）；金伯恩为“Timur”特种部队下属“Chimera / Stuhna / Paragon / 西伯利亚营 / Terror”等小组，海军支援,俄军驻沙嘴部队,水面、岸基、电磁,偷袭/突防、异构,遭偷袭受损,两栖登陆小队乘艇抵近并攻击；金伯恩沙嘴行动有多个特战小组、海军支援。,沙嘴上设有装甲车辆（含MT-LB）、电子战系统与工事（乌方通报所见）。,俄方：乌方称装甲车6台（金伯恩）与MT-LB等（坦德拉）、电子战系统1套，人员约30—36人（单方口径）。乌方：称无伤亡。,B,46.35,31.55,7,https://nikvesti.com/en/news/public/mdi-fighters-raided-tendra-spit-destroyed-russian-equipment
礁-19,海上小岛,2024-08-19 至 2024-08-31,南海,仙宾礁（Sabina Shoal / Escoda Shoal，菲称 Escoda），南沙群岛,仙宾礁八月三撞，菲海警旗舰被撞破,中国海警局舰船，8月31日为“海警5205”（Zhaojun/718B型，约100米，Janes 口径）,菲律宾海警（PCG）：“卡贝·恩加诺”号（BRP Cape Engaño）、“巴加凯”号（BRP Bagacay）、“特蕾莎·马格巴努阿”号（BRP Teresa Magbanua，97米）,水面,集群,被攻击受损,海警船横切、冲撞：8月19日撞击“卡贝·恩加诺”号甲板并撞及“巴加凯”号；8月25日海警船与菲海警船碰撞（中方称“管控措施”）；8月31日“海警5205”三次撞击“马格巴努阿”号。,菲海警船规避、拍摄并公布受损照片；“马格巴努阿”号当时锚泊于仙宾礁内；菲方称正研究对华提起法律行动（PTV 标题口径）；美国谴责中方“危险机动”。未使用武器。,菲方：“卡贝·恩加诺”号甲板破洞（直径约1.10米，菲方图说）、“巴加凯”号轻微受损、“马格巴努阿”号船体多处受损；无人员伤亡报道。中方：未取得损伤通报。,A,9.7,115.87,12,https://www.janes.com/defence-intelligence-insights/defence-news/sea/philippine-97-m-opv-sustains-damages-after-collision-with-china-coast-guard
礁-20,海上小岛,2024-09-29 至 2024-10-02,南海,西沙群岛（Paracel Islands / Quần đảo Hoàng Sa）附近海域，具体位置未公开,西沙登船执法致越渔民十人伤，双方口径相反,越方称约40名中方人员乘两艘钢壳船登船；中方称有关部门依法制止越南渔船非法捕捞,越南广义省渔船QNg 95739 TS，船长阮清边（Nguyễn Thanh Biên），船员10人,水面、登临,集群,被攻击受损,越方口径：两艘钢壳船靠帮，约40人登船，以铁管殴打船员，没收渔具和渔获。中方口径：依法登检、制止非法捕捞。,无防御手段；事后越南边防部队调查，越南外交部交涉。,越方口径：10名渔民受伤（3人骨折），渔具、渔获被没收。中方口径：未发现人员受伤。,B,16.5,112.0,7,https://mofa.gov.vn/web/ministry-of-foreign-affairs/detail/chi-tiet/viet-nam-opposes-china-brutal-treatment-towards-vietnamese-fishermen-in-paracel-islands-53-82.html
礁-21,海上小岛,2024-10-21 至 2024-10-24,南海,北纳土纳海（印尼专属经济区/大陆架）、纳土纳群岛（Natuna Islands）以北,海警5402三度闯入纳土纳，海安局驱离,中国海警5402舰,印度尼西亚海事安全局（Bakamla）巡逻船Tanjung Datu 301、Pulau Dana 323；印尼海军KRI SSA-378（舰名转述）,水面,单平台,灰色地带对峙,海警5402逼近并伴随挪威籍勘探船Geo Coral（受雇于Pertamina进行三维地震数据采集），在无线电中声称该海域属中方管辖。无武器使用报道。,Bakamla巡逻船Tanjung Datu 301、Pulau Dana 323先后跟踪、无线电交涉并将其驱离；海军舰艇KRI SSA-378协助。,无人员伤亡或设备受损报道；地震调查被干扰的时长未检索到。,B,4.3,108.4,5,https://www.thejakartapost.com/world/2024/10/27/bakamla-drives-chinese-ship-from-disputed-waters-again
礁-22,海上小岛,2024-12-04,南海,黄岩岛（Scarborough Shoal / Bajo de Masinloc）以东，菲方称距礁约16海里,水炮瞄准导航天线，双方互指对方冲撞,中国海警（3302舰等4艘海警船）；菲方称另有2艘中国海军护卫舰在场,菲律宾海岸警卫队旗舰“特蕾莎·马格巴努亚”号（BRP Teresa Magbanua，MRRV-9701）、“卡布拉”号（MRRV-4409）；菲渔业与水产资源局（BFAR）“达图·帕格布阿亚”号（BRP Datu Pagbuaya，3003）、3002号,水面,异构、集群,灰色地带对峙,中国海警3302舰两次水炮喷射（菲方称第一次针对导航天线），并与“达图·帕格布阿亚”号发生擦碰；菲方称现场有4艘海警船和2艘解放军海军护卫舰。,PCG两艘多用途巡逻船与BFAR两艘公务船联合编队，任务为支援在黄岩岛作业的菲律宾渔民；无武器反制；记者会公布视频。,菲方口径：“达图·帕格布阿亚”号导航天线区域被水炮直射、右舷擦碰；未报人员伤亡。中方口径：3302舰被“蓄意冲撞”，未报损失细节。,A,15.15,117.95,6,https://news.usni.org/2024/12/03/chinese-warships-cutters-harass-philippine-patrol-near-scarborough-shoal-say-officials
礁-23,海上小岛,2024-12-25 至 2026-09-30,波罗的海-北海,芬兰湾（Gulf of Finland），芬兰—爱沙尼亚之间Estlink 2线路走廊，位于芬兰专属经济区内、领海之外（坐标为近似值）,拖锚近百公里切断Estlink 2，芬兰次日扣船,库克群岛籍油轮“鹰S”号（Eagle S），芬兰海关认为属俄罗斯影子船队；船员涉嫌破坏与毁损财物（意图仍有争议）,芬兰警方、国家调查局（NBI）、边防、海关；法院；Fingrid（芬兰）、Elering（爱沙尼亚）两家输电运营商,水面、水下,单平台,被攻击受损,拖曳船锚。警方称海床拖痕长达数十公里，粗估接近100公里，认为这暗示行为可能是故意的；船上照片显示该船缺左舷锚（检索摘要作“port side anchor”）。,事后处置：芬兰于12月26日扣押该船（登临细节未检索到），法院驳回船东放行请求，船员被限制出境；2025年1月初警方在航线上、拖痕西端附近起出遗失船锚；芬兰海关扣押货物。2025年1月北约启动“波罗的海哨兵”以加强监视（另案）。,Estlink 2输电线与4条通信电缆受损，修复预计约7个月（Fingrid、Elering口径）；具体修复费用与电价影响本次未检索到。无人员伤亡。,B,59.65,25.0,7,https://www.bairdmaritime.com/security/incidents/missing-eagle-s-anchor-recovered-in-baltic-sea-cables-investigation
礁-24,海上小岛,2025-02-22 至 2025-06-12,台海,台南北门区（Beimen）外海约5海里，台湾—澎湖（Penghu）3号海底电缆路径,“宏泰58”拖锚割断澎湖海缆，船长获刑三年,多哥籍货轮“宏泰58”号（Hong Tai 58），船长王某（中国籍，姓氏据判决报道）及船员共8人（含船长）,台湾中华电信（台澎3号海缆维护方）、海巡署、台南地方检察署与地方法院,水下、水面,单平台,被攻击受损,货轮在禁锚区内逗留，船长下令抛锚并来回航行拖锚，海缆完全中断（法院采认的海巡署证据口径）。,海巡署与检方对该船及船员展开调查，检察官起诉船长；台南地方法院审理，以故意损害海缆判刑。离岛通信备援情形本轮未取得。,台澎3号海缆完全中断（具体通信影响与修复费用本轮未取得）；船长获刑三年；赔偿金额待核。,A,23.28,120.02,5,https://www.globalsecurity.org/wmd/library/news/taiwan/2025/taiwan-250612-cna05.htm
礁-25,海上小岛,2025-04-13 至 2025-05-21,南海,铁线礁（Sandy Cay / Pag-asa Cays 1—3），位于中业岛（Thitu / Pag-asa Island）西北约1.5海里、渚碧礁（Subi Reef）东北约9.3海里,铁线礁双方先后登礁展旗，一月后首用水炮,中国海警（5月21日菲方点名舷号21559船）及海上民兵船,菲律宾海军、海岸警卫队、国家警察海事大队联合登礁组；菲渔业局（BFAR）“达图·桑代”号（BRP Datu Sanday）、“达图·帕格布阿亚”号（BRP Datu Pagbuaya）科考船,水面、登礁,单平台、集群,灰色地带对峙,4月中旬中国海警执法员乘小艇登礁展示五星红旗、取证并清理垃圾；5月21日中国海警21559船对菲科考船喷射水炮并两次擦碰，中方称对菲船“采取管控”。,4月27日菲方分4组乘多艘橡皮艇登上铁线礁1、2、3号沙洲展示菲国旗；5月21日菲渔业局两船载科学家完成三处沙洲采样。无武器反制。,菲方口径：5月21日“达图·桑代”号左舷船首、烟囱受损，无人员伤亡。中方未报损失。,A,11.07,114.27,9,https://www.stheadline.com/zh-hans/china-politics/3449959/中国海警登临铁线礁开展维权行动并展示五星红旗
礁-26,海上小岛,2025-08-11 至 2026-08-05,南海,黄岩岛（Scarborough Shoal / Bajo de Masinloc）附近海域，南海,海警追菲船撞上海军舰，一年后确认两人殉职,中国海警局舰船（舷号3104 或“南屿”，各来源不一）与解放军海军052D型驱逐舰“桂林”舰（Guilin，舷号164），共同驱赶菲律宾海警船,菲律宾海警（PCG）“苏禄”号（BRP Suluan）巡逻船及在场渔民,水面,集群,灰色地带对峙,海警船与海军驱逐舰协同拦阻、高速追逐菲海警船；菲方公布的视频显示舷号164的海军舰艇舰艏撞上海警船舰艏，海警船前部严重受损。,“苏禄”号规避并拍摄记录；菲海警事后表示可提供援助；菲政府否认对碰撞负责，称其为“不幸的结果”。美方谴责中方“鲁莽行为”。,中方：海警船前部严重受损（维基称失去动力）；人员2死（官方2026-08确认，易新宇21岁、程龙25岁），菲方曾称另有1人失踪，北京公告未提及。菲方：无损失。,A,15.19,117.76,13,https://en.wikipedia.org/wiki/2025_China_Coast_Guard_and_People%27s_Liberation_Army_Navy_ship_collision_incident
礁-27,海上小岛,2025-09-10 至 2025-09-16,南海,黄岩岛（Scarborough Shoal / Bajo de Masinloc）及以东14—17海里海域（菲方口径）,设保护区六天后水炮持续29分钟致一人伤,中国海警（菲方点名5201、21562号船）,菲渔业与水产资源局（BFAR）“达图·贡拜·皮昂”号（BRP Datu Gumbay Piang）等，菲方共出动10余艘公务船（中方口径）,水面,集群,灰色地带对峙,行政/法律手段：国务院批复新建黄岩岛国家级自然保护区（国函〔2025〕87号）；执法手段：海警船水炮喷射（菲方称持续约29分钟）、拦阻管制、驱离。,菲方以渔民燃油补贴与补给任务名义组织多艘公务船进入；外交抗议；公布受损影像。,菲方口径：“达图·贡拜·皮昂”号驾驶室后窗等受损，1名船员受伤。中方口径：海警船遭冲撞，未报损伤细节。,A,15.15,117.76,7,https://www.news.cn/politics/20250910/ed90d7a21278404bba7d800efce460df/c.html
礁-28,海上小岛,2025-12-10 至 2026-01-26,南海,沙捞越外海、Terumbun Lang Ngindang附近（南康暗沙一带；坐标为近似）,海警5304漂泊沙捞越外海，马军方跟踪并拟抗议,中国海警5304舰,马来西亚海事执法局（MMEA）KM Tegas；皇家海军KD Kelantan（Op Satria 28/25）,水面,单平台,灰色地带对峙,海警5304进入马来西亚海事区（ZMM），在Terumbun Lang Ngindang以南1.8海里漂泊。无武器使用报道。,MMEA KM Tegas于12月10日在“拉惹劳特特别行动”中首先发现；海军KD Kelantan自12月23日起在Op Satria 28/25中全程跟踪；国防部通报外交部拟发抗议照会。,无。,B,5.0,112.0,3,https://fmtv5.freemalaysiatoday.com/category/nation/2026/01/01/armed-forces-monitoring-chinese-vessel-at-south-luconia-shoals
礁-29,海上小岛,2025-12-31 至 2026-01-07,波罗的海-北海,芬兰湾爱沙尼亚专属经济区内电缆受损；船舶于芬兰专属经济区被截获后引入领海，停靠于基尔科努米（Kirkkonummi）坎特维克（Kantvik）港（坐标为近似值）,跨年夜芬兰湾电缆受损，芬兰扣船拘押14人,“Fitburg”号货船（132米，圣文森特和格林纳丁斯籍，由圣彼得堡驶往以色列），14名船员（俄罗斯、格鲁吉亚、哈萨克斯坦、阿塞拜疆籍）；船长称为意外,芬兰边防（Border Guard）、芬兰警方与海关、爱沙尼亚警方；Elisa公司,水面、水下,单平台,被攻击受损,拖锚（被发现锚链垂入海中）损坏通信电缆。,边防在芬兰专属经济区发现该船锚链落水，将其引导进入芬兰领海后扣押；2026年1月1日凌晨被置于芬兰控制之下，停泊坎特维克港；14名船员全部被拘留；一份报道标题称有特种部队登船（仅见标题，待核实）。,一条Elisa数据电缆受损，服务改道未中断；修复费用未检索到。无人员伤亡。,B,59.85,24.8,6,https://www.aljazeera.com/news/2025/12/31/police-investigating-damage-to-undersea-telecom-cable-in-gulf-of-finland
礁-30,海上小岛,2026-07-20 至 2026-07-21,南海,仁爱礁（Second Thomas Shoal / Ayungin Shoal）“马德雷山”号（BRP Sierra Madre，LT-57）附近,坐滩舰旁小艇近身冲突，一名菲水兵头部受伤,各执一词：菲方称中国海警刚性充气艇（8人）挑衅并持棍击打；中方称菲坐滩舰派出两艘橡皮艇冲撞中方巡逻艇并先动手,菲律宾海军“马德雷山”号驻守人员及两艘橡皮艇；中国海警小型巡逻艇,水面,单平台,灰色地带对峙,小艇近距离抵近、围堵与肢体冲突；菲方称中方使用木棍，中方称菲方先用划桨、长棍攻击。无武器使用报道。,菲方：派两艘橡皮艇驱离中方小艇并公布25秒视频；中方：喊话警告、机动绕航、“对等反制”，并发布现场画面。次日中方允许菲方以舰载小艇过驳方式转运伤员。,菲方口径：1名海军人员头部受伤，1艘橡皮艇受损。中方口径：执法人员遭攻击，未公布伤情。,A,9.72,115.86,7,https://www.koreatimes.co.kr/world/20260720/china-injured-sailor-in-sea-clash-philippine-military
礁-31,海上小岛,2026-07-23 至 2026-07-24,南海,黄岩岛（Scarborough Shoal / Bajo de Masinloc）领海及周边海域,东盟外长会期间黄岩岛连续两日水炮驱离,中国海警（菲方点名3302号船）；菲方称7月24日有12艘海警船、3艘海上民兵船,菲渔业局（BFAR）“达图·杜曼西尔”号（BRP Datu Dumangsil）等公务船、菲海岸警卫队船；中方称7月24日菲方出动7艘公务船、3艘海警舰、1艘运鱼船及大量渔船,水面,集群,灰色地带对峙,水炮喷射、跟监外逼、拦阻管制、喊话警告；菲方称一艘中方船只距菲渔业船约7米。,菲方以向渔民发放燃油补贴和救济物资名义组织公务船、海警船与渔船集体前往；随船记者；PCG通报违反《国际海上避碰规则》（COLREGs）。,未检索到人员伤亡报道；菲方称两艘船被水炮命中，受损程度未公布。,A,15.15,117.76,7,https://www.thejakartapost.com/world/2026/07/23/china-fires-water-cannon-on-philippine-ship-at-scarborough-shoal-manila-says
礁-32,海上小岛,2026-09-24 至 2026-09-25,南海,距仁爱礁（Second Thomas Shoal / Ayungin）约60海里海域（菲方口径）,海警与海军联合阻断运补，临时安排首次被破,中国海警船、解放军海军军舰（含2艘022型导弹艇，菲武装部队口径）；海上民兵船（菲方口径）,菲律宾海军补给船“拉普拉普”号（Lapu Lapu）；PCG“马拉布里戈”号（BRP Malabrigo）、“卡布拉”号（BRP Cabra）,水面,集群、异构,灰色地带对峙,"中国海警船与解放军海军舰艇的拦截和危险机动（菲方口径）；一艘海警船近至约1,000码；另有11艘海警船与海上民兵船在“马德雷山”号所在的仁爱礁与仙宾礁一带（USNI 转述菲方）。船数口径见“口径比对”。",PCG 2艘巡逻船护航海军补给船；遇危险机动后中止任务；发表公开声明，美国使馆表态支持，国防部长称补给将继续。,未检索到人员伤亡或船只受损报道；补给任务中止；经济损失未检索到。,B,9.72,115.86,12,https://news.usni.org/2026/09/25/chinese-cutters-warships-block-philippine-resupply-mission-to-second-thomas-shoal
编-01,远海机动编组,2023-05-24,黑海,博斯普鲁斯海峡东北约140公里黑海海域（土耳其专属经济区内，俄方口径）,无人艇远程突袭土耳其外海的俄侦察船,乌克兰（具体单位未公布；乌国防部公布了影像）,俄黑海舰队“伊万·胡尔斯”号（Ivan Khurs）侦察船,水面,集群、偷袭/突防,被攻击受损,无人快艇（俄方称3艘；乌方公布影像显示至少1艘命中舰艉）。,舰载标准武器射击（俄国防部称3艘全部被击毁）；乌方影像显示无人艇穿越密集火力后命中舰艉。,俄方：“伊万·胡尔斯”号受损（乌方军方消息称舰体与设备严重受损，俄称无损）；人员伤亡未见公开。乌方：无人艇数量未公布（俄称3艘全部被毁）。,B,42.1,30.3,6,https://www.pravda.com.ua/eng/news/2023/05/24/7403692
编-02,远海机动编组,2023-08-01,黑海,塞瓦斯托波尔西南约340公里黑海海域（俄方口径）,俄称击退无人艇袭击，乌否认参与,身份不明（俄方称乌军；乌海军否认参与）,俄黑海舰队“谢尔盖·科托夫”号、“瓦西里·贝科夫”号22160型巡逻舰（“控制航行”任务，俄方口径）,水面,集群,防御成功,无人快艇3艘（俄方口径）。,舰炮射击，将3艘无人艇全部击毁（俄国防部口径）。,俄方：口径为无损（匿名来源称有人员待后送）；乌方：俄称无人艇3艘被毁，乌方否认拥有，数字待核。,C,42.4,30.5,5,https://www.pravda.com.ua/eng/news/2023/08/01/7413672/
编-03,远海机动编组,2023-10-19,红海-亚丁湾,红海北部（Northern Red Sea）,“卡尼”号九小时拦截胡塞首波远程打击,也门胡塞武装（安萨尔拉，Ansar Allah）,"美国海军阿利·伯克级导弹驱逐舰“卡尼”号（USS Carney, DDG-64），时隶属“杰拉尔德·R·福特”号航母打击群",空中,集群、异构,防御成功,对陆攻击巡航导弹3枚、无人机约8架（五角大楼当日口径）；后续二手材料上修为巡航导弹4枚、无人机15架。航向向北，五角大楼称“可能”飞向以色列境内目标。,“卡尼”号以“标准-2”（SM-2）舰空导弹实施拦截（美国官员口径），全部在海上空域击落。,美方：无舰艇受损、无人员伤亡（五角大楼口径）。胡塞方面：被拦截的3—4枚巡航导弹与8—15架无人机（按不同口径）。,B,26.5,35.5,7,https://abc13.com/us-navy-destroyer-red-sea-houthis-yemen/13940798/
编-04,远海机动编组,2023-10-19 至 2025-01-15,红海-亚丁湾,红海—亚丁湾（Red Sea – Gulf of Aden）,美舰红海射弹220枚，导弹费用逾5亿美元,也门胡塞武装（安萨尔真主，Ansar Allah）,美国海军部署于红海—亚丁湾的驱逐舰、巡洋舰与航母打击群,空中、水面,集群、异构、饱和,防御成功,胡塞反舰弹道导弹、反舰巡航导弹、单向攻击无人机等。美方未公布胡塞对美舰来袭武器的统一总数。,截至2025年1月（海军官员口径）：舰艇在380次交战中发射导弹220枚，其中“标准-2”（SM-2）约120枚、“标准-6”（SM-6）约80枚、改进型“海麻雀”（ESSM）与“标准-3”（SM-3）合计约20枚；127毫米（5英寸）炮弹160发。另有舰载机空空导弹（仅“艾森豪威尔”号打击群即近60枚）。对岸打击的“战斧”导弹不在220枚之内。,美方：未见舰艇被命中的记录（美方口径）。弹药：导弹220枚、炮弹160发（截至2025年1月）。本组按Military.com单价粗算：SM-2约120枚×200万美元＋SM-6约80枚×400万美元≈5.6亿美元，不含ESSM、SM-3、炮弹和“战斧”。胡塞：未核。,B,15.5,41.5,6,https://www.military.com/daily-news/2025/01/15/navys-fight-red-sea-used-220-missiles-officials-say-thats-changing.html
编-05,远海机动编组,2023-11-01 至 2024-07-14,红海-亚丁湾,红海—亚丁湾（Red Sea – Gulf of Aden）,“艾森豪威尔”号群九个月耗弹约770件,也门胡塞武装,"美国海军“德怀特·D·艾森豪威尔”号（USS Dwight D. Eisenhower, CVN-69）航母打击群（第2航母打击群）",空中、水面,集群、异构、饱和,防御成功,胡塞对该群舰艇及过往商船的反舰弹道导弹、反舰巡航导弹和单向攻击无人机攻击（美方点名2023年12月31日、2024年1月9日及其后多次）；胡塞宣称两次以导弹打击航母本身（2024年5月底/6月初、6月22日）。,各舰从垂直发射系统发射“标准”系列导弹155枚（自卫用途为主）；舰载机发射空空导弹近60枚；对岸打击使用“战斧”导弹135枚、空地弹药420件。,美方：未见舰艇受损记录（美方口径）。弹药：“标准”导弹155枚、“战斧”135枚、空空导弹近60枚、空地弹药420件（第2航母打击群）。胡塞：未核。,A,17.0,40.0,10,https://www.dvidshub.net/news/printable/476140
编-06,远海机动编组,2023-12-09 至 2023-12-11,红海-亚丁湾,"红海南部，也门海岸以西海域（Red Sea, off Yemen）",“朗格多克”号首开法舰防空导弹自卫先例,也门胡塞武装,"法国海军阿基坦级（FREMM）多任务护卫舰“朗格多克”号（Languedoc, D653）",空中,集群,防御成功,第一次：2架自也门海岸方向直飞该舰的无人机（法国官员称为“致命”无人机）；第二次（数日后）：1架直接威胁挪威籍油轮“斯特林达”号（Strinda）的无人机。,“紫菀-15”（Aster 15）舰空导弹（AFP 援引匿名法军消息源；国防部长勒科尔尼在参议院确认使用了“紫菀”导弹）。美国海军学会新闻网称该弹射程略超20英里。,法方：无损失（官方口径）。胡塞方面：3架无人机被击落（两次交战合计，按法方与媒体口径）。,B,15.0,41.6,4,https://news.usni.org/2023/12/11/lethal-drones-from-yemen-attacked-french-frigate-in-red-sea-say-officials
编-07,远海机动编组,2023-12-15 至 2023-12-16,红海-亚丁湾,红海南部（Southern Red Sea）,美英舰艇同夜拦截胡塞无人机波次,也门胡塞武装,"美国海军“卡尼”号驱逐舰（USS Carney, DDG-64）；英国皇家海军45型驱逐舰“钻石”号（HMS Diamond, D34）",空中,蜂群、集群,防御成功,以“无人机波次”（drone wave）方式发射的单向攻击无人机：美方称“卡尼”号交战14架；“钻石”号击落1架“疑似”攻击商船的无人机。前一日（12月15日）另有2枚弹道导弹击中利比里亚籍商船“帕拉蒂姆3”号（MV Palatium 3）。,"“卡尼”号：舰载防空武器（中央司令部未公布弹种）。“钻石”号：主防空导弹系统（PAAMS）发射“海蝰蛇”（Sea Viper，即“紫菀”导弹）。“梅森”号（USS Mason, DDG-87）响应“帕拉蒂姆3”号求救。",美英舰艇：无损失（官方口径）。商船：“帕拉蒂姆3”号前一日被2枚弹道导弹击中（损伤情况本组未核）。胡塞方面：15架无人机被击落（美14、英1）。,B,14.6,42.0,8,https://www.navytimes.com/news/your-navy/2023/12/16/uss-carney-takes-out-drone-swarm-in-the-red-sea/
编-08,远海机动编组,2024-01-04 至 2024-01-05,阿拉伯海-印度洋,索马里东部沿海阿拉伯海（Arabian Sea，off Somalia；坐标为近似值，原报道未给出）,印度海军驱逐舰与海军陆战队特战队夜间解救被劫散货船,5—6名武装人员（索马里海盗，印度海军称之为劫持者）,船上21名船员（含15名印度人，躲入“安全屋”citadel）；印度海军“金奈”号（INS Chennai）驱逐舰、P-8I、MQ-9B、海军陆战队特战队MARCOS,水面、空中,单平台、集群,防御成功,5—6名武装人员登船并开火（据船员转述），船员躲入安全屋；具体武器、小艇数量未检索到。,UKMTO通报后，印度海军反海盗巡逻中的“金奈”号改航，于1月5日15时15分拦截，放飞直升机、警告劫持者撤离；P-8I海上巡逻机与MQ-9B（“捕食者”）无人机持续监视；MARCOS特战队登船搜索，船上未见劫持者，21名船员（含15名印度人）全部从安全屋疏散；“金奈”号协助恢复船舶发电与推进。,无人员伤亡报道；船舶动力一度受损，获海军协助恢复；经济损失未检索到。,B,8.0,51.5,4,https://news.usni.org/2024/01/07/indian-navy-retakes-merchant-ship-from-armed-hijackers-in-the-arabian-sea
编-09,远海机动编组,2024-01-09,红海-亚丁湾,红海南部国际航道（Southern Red Sea shipping lanes）,美英舰机联合挫败首次大规模混合齐射,也门胡塞武装,"美国海军“艾森豪威尔”号航母（USS Dwight D. Eisenhower, CVN-69）舰载F/A-18、驱逐舰“格雷夫利”号（USS Gravely, DDG-107）、“拉布恩”号（USS Laboon, DDG-58）、“梅森”号（USS Mason, DDG-87）；英国皇家海军“钻石”号（HMS Diamond, D34）",空中,蜂群、异构、饱和,防御成功,伊朗设计的单向攻击无人机18架、反舰巡航导弹2枚、反舰弹道导弹1枚，共21个来袭目标，约当地时间21:15（萨那时间）从胡塞控制区发射，指向数十艘商船正在通行的航道。,“艾森豪威尔”号舰载F/A-18战斗机空中拦截；美舰“格雷夫利”号、“拉布恩”号、“梅森”号与英舰“钻石”号舰空导弹及舰炮拦截（各舰分项战果中央司令部未公布）。,美英：无损失。商船：无受损（中央司令部）。胡塞：21件来袭武器全部损失。,A,14.8,42.0,6,https://www.centcom.mil/MEDIA/PUBLIC-RELEASES/Article/3639970/us-centcom-statement-on-26th-houthi-attack-on-commercial-shipping-lanes-in-the/
编-10,远海机动编组,2024-01-30,红海-亚丁湾,红海（Red Sea）,“格雷夫利”号近防炮1海里内末端拦截,也门胡塞武装,"美国海军阿利·伯克级驱逐舰“格雷夫利”号（USS Gravely, DDG-107）",空中,单平台、偷袭/突防,防御成功,反舰巡航导弹1枚（美国官员口径）。,MK 15“密集阵”（Phalanx）近程武器系统（CIWS），末端最后一道防线。,美方：无损伤、无伤亡。胡塞：1枚反舰巡航导弹。,B,15.0,41.9,6,https://www.militarytimes.com/news/your-navy/2024/02/01/a-houthi-missile-got-within-a-nautical-mile-of-uss-gravely-on-tuesday/
编-11,远海机动编组,2024-02-01,黑海,克里米亚西部多努兹拉夫湖（Lake Donuzlav）附近黑海海域,无人艇群在湖口外海击沉俄导弹艇,乌克兰国防部情报总局（HUR/GUR）特种单位“第13小组”（Group 13）,俄黑海舰队“伊万诺韦茨”号（Ivanovets）1241型“闪电”级导弹艇,水面,集群、偷袭/突防,被击沉/摧毁,Magura V5无人艇（乌方称动用6艘、6次直接命中、每艘装药约320公斤；TWZ审看视频仅见3艘命中；安布雷Ambrey计数至多6艘）；夜间多艇接近。,舰载30毫米AK-630M近防炮对来袭小艇射击（TWZ审看GUR视频所见）；未见其他拦截措施的公开记录。,俄方：“伊万诺韦茨”号1艘（乌方称沉没，西方官员据Forces News后续确认；乌国防部估值6000万—7000万美元）；人员伤亡数字未见公开（GUR称搜救失败，乌外交部称艇员弃舰）。乌方：无人艇损耗数及人员伤亡未公布。,B,45.3,32.95,6,https://twz.com/news-features/ukraine-sinks-russian-navy-missile-corvette-in-drone-boat-attack
编-12,远海机动编组,2024-02-14,黑海,克里米亚南岸阿卢普卡（Alupka）附近海域,无人艇在阿卢普卡外海击沉大型登陆舰,乌克兰国防部情报总局（HUR/GUR）特种单位“第13小组”（Group 13）,俄黑海舰队“凯撒·库尼科夫”号（Caesar Kunikov）775型大型登陆舰,水面,集群、偷袭/突防,被击沉/摧毁,Magura V5无人艇（乌方未公布总数；Ambrey据视频判断至少3艘）；攻击集中于左舷。,俄国防部仅称当夜在黑海击落6架乌军无人机（未提及无人艇）；舰上防御措施在公开资料中未见记载。,俄方：“凯撒·库尼科夫”号1艘（乌方称沉没，俄方未确认；编制87人，伤亡数字未见公开）。乌方：无人艇损耗数与人员损失未公布。,B,44.4,34.05,5,https://euromaidanpress.com/2024/02/14/ukrainian-military-sank-russian-landing-ship-ceasar-kunikov-in-black-sea/
编-13,远海机动编组,2024-02-17,红海-亚丁湾,也门胡塞控制区红海沿岸（具体地点中央司令部未公布；坐标为荷台达一带示意）,胡塞首次动用无人潜航器，美军岸上先打,也门胡塞武装（拟使用无人潜航器、无人水面艇和机动反舰巡航导弹）,美国中央司令部所属海空兵力（具体打击平台未公布）；被保护对象为美国海军舰艇和过往商船,水下、水面、岸基,异构、偷袭/突防,防御成功,无人潜航器（UUV）1具、无人水面艇（USV）1艘、机动反舰巡航导弹3枚，均在使用前被打击（另有报道称同日另一时段还有反舰巡航导弹1枚、USV 1艘）。型号、尺寸、装药未公布。,中央司令部所称“自卫打击”5次（萨那时间15时至20时），另报同日2次；打击平台和武器未公布。,胡塞：反舰巡航导弹3枚、UUV 1具、USV 1艘被毁（美方口径；另报再毁1枚导弹、1艘USV）。美方：无。,B,14.8,42.95,6,https://www.centcom.mil/MEDIA/PRESS-RELEASES/Press-Release-View/Article/3680306/feb-17-summary-of-red-sea-activities/
编-14,远海机动编组,2024-02-26 至 2024-02-27,红海-亚丁湾,红海（Red Sea），欧盟“阿斯皮德斯”行动（EUNAVFOR ASPIDES）作战海域,“黑森”号误射美MQ-9后炮弹击落两机,也门胡塞武装（2月27日两架无人机）；误射事件中目标为美军MQ-9“死神”无人机（友军）,"德国海军124型（萨克森级）防空护卫舰“黑森”号（FGS Hessen, F221），隶属欧盟“阿斯皮德斯”行动",空中,集群,防御成功,2月27日：2架胡塞无人机先后来袭（型号未公布）。,误射：2枚“标准-2”（SM-2）舰空导弹，均未命中（技术故障）。实战拦截：1架由76毫米舰炮击落，1架由“拉姆”（RAM，Rolling Airframe Missile）近程防空导弹击落。,德方：2枚SM-2导弹（误射，未命中）；无人员与舰体损失。美方：MQ-9未受损（美方口径）。胡塞：2架无人机被击落。,A,15.2,41.5,6,https://www.twz.com/news-features/german-frigate-mistakenly-fires-on-mq-9-downs-two-houthi-drones.md
编-15,远海机动编组,2024-03-02 至 2024-03-12,红海-亚丁湾,红海（Red Sea）,“杜伊里奥”号以76毫米炮替代导弹拦截,也门胡塞武装,"意大利海军地平线级防空驱逐舰“卡约·杜伊里奥”号（ITS Caio Duilio, D554），参加欧盟“阿斯皮德斯”行动",空中,单平台,防御成功,3月2日：1架与此前攻击所用同类特征的无人机，距该舰约6公里、朝向该舰飞行。3月12日前后：又击落2架无人机（The Aviationist 报道）。,奥托·梅莱拉（OTO）76毫米舰炮（舰上共3门之一），使用为防空优化的DART制导炮弹；3月2日射弹数6发（The Aviationist）或7—8发（意媒，经TWZ转述）。,意方：无损失。胡塞：3月2日1架、3月12日前后2架无人机被击落。,B,15.3,41.4,5,https://www.navalnews.com/naval-news/2024/03/italian-navy-destroyer-caio-duilio-shoots-down-drone-in-red-sea/
编-16,远海机动编组,2024-03-05,黑海,刻赤海峡（Kerch Strait）附近黑海海域,无人艇在刻赤海峡外海重创俄巡逻舰,乌克兰国防部情报总局（HUR/GUR）特种单位“第13小组”（Group 13）,俄黑海舰队“谢尔盖·科托夫”号（Sergey Kotov）22160型巡逻舰,水面,集群、偷袭/突防,被击沉/摧毁,Magura V5无人艇（数量未公布），GUR称命中舰艉与两舷；乌方估值该舰约6500万美元。,舰载武器应对情况未见详细公开记录；据俄军事博主渠道，曾尝试拖带该舰返港。,俄方：“谢尔盖·科托夫”号1艘（乌方、UK MoD称沉没；乌方估值约6500万美元）；人员：GUR先称52人可能撤离、后称击毙7人，俄方未公布。乌方：无人艇损耗与人员损失未公布。,B,45.0,36.7,6,https://www.pravda.com.ua/eng/news/2024/03/5/7445017/
编-17,远海机动编组,2024-03-09,红海-亚丁湾,红海南部（Southern Red Sea）,丹麦护卫舰雷达失效30分钟引发撤换防长,也门胡塞武装,"丹麦海军“伊弗·惠特菲尔德特”号防空护卫舰（HDMS Iver Huitfeldt, F361），参加美国主导的“繁荣卫士”行动",空中,蜂群、集群,部分拦截,胡塞武装当日向红海南部舰船发射15架“自杀式”无人机（媒体援引报道口径）。,APAR 有源相控阵火控雷达+C-FLEX 作战管理系统，RIM-162 ESSM“改进型海麻雀”导弹；双联76毫米舰炮；故障后改用备份雷达。该舰击落4架无人机（丹麦国防部口径）。,丹方：无舰体损伤、无人员伤亡（公开报道）；国防参谋长被撤换；该舰提前撤回。胡塞：4架无人机被该舰击落（其余由他舰拦截或去向未披露）。,A,14.2,42.4,8,https://www.defensenews.com/global/europe/2024/04/03/sensor-weapon-hiccups-reportedly-plagued-danish-frigate-in-red-sea/
编-18,远海机动编组,2024-03-09,红海-亚丁湾,红海南部—亚丁湾（Southern Red Sea / Gulf of Aden），曼德海峡（Bab el-Mandeb）附近,“里士满”号“海拦截者”首战击落两机,也门胡塞武装,"英国皇家海军23型护卫舰“里士满”号（HMS Richmond, F239）；同时参战：美国海军舰机、法国海军舰艇与战斗机、丹麦“伊弗·惠特菲尔德特”号等",空中,蜂群、集群,防御成功,单向攻击无人机：中央司令部计至少28架（萨那时间4时至8时20分）；胡塞自称37架。胡塞称同时攻击一艘货船和“多艘美国驱逐舰”。,“里士满”号发射“海拦截者”（Sea Ceptor，即CAMM通用模块化防空导弹）击落2架（英国国防部）；法国军舰和战斗机击落4架（法方）；丹麦护卫舰击落4架（丹麦国防部）；美军舰艇与飞机击落其余（中央司令部合计≥28架）。英方未公布发射弹数。,盟军：无（各方口径）。商船：当日未报告受损（中央司令部）。胡塞：至少28架无人机被击落（中央司令部）。,A,13.8,43.0,7,https://www.forcesnews.com/middle-east/hms-richmond-shoots-down-two-houthi-drones-sea-ceptor-first
编-19,远海机动编组,2024-03-13 至 2024-07-07,红海-亚丁湾,红海及亚丁湾（Red Sea / Gulf of Aden）；7月事件另有“索马里外海”说法,希腊护卫舰以舰炮三度击退胡塞无人机,也门胡塞武装,"希腊海军MEKO 200HN型护卫舰“九头蛇”号（Hydra, F452）、“普萨拉”号（Psara, F454），欧盟“阿斯皮德斯”行动",空中、电磁,集群,防御成功,3月13日：2架无人机（“九头蛇”号）；4月25日：2架无人机（“九头蛇”号护航商船时）；7月7日：4架无人机射向“普萨拉”号及其护航商船。,127毫米舰炮（“九头蛇”号3月击落2架）；舰炮（“普萨拉”号）；部署前加装的电子战/反无人机系统，有匿名消息称7月有1架可能被非动能手段击落。,希方及被护商船：无损失。胡塞：无人机被击落约5架（3月2、4月1、7月2），另有3架被驱离/退出（按各方口径累加，待核）。,B,12.6,45.5,6,https://www.amna.gr/en/article/814660/Frigate-Hydra-intercepts-two-Houthi-drones-in-the-Red-Sea
编-20,远海机动编组,2024-03-14 至 2024-03-17,阿拉伯海-印度洋,"索马里以东约260海里（印度海军口径；另有报道称距印度海岸近1,400海里）；坐标为近似值",印度海军千海里外夺回“鲁恩”号，35名海盗投降,索马里海盗（35人），以被劫的“鲁恩”号为母船，对印度军舰开火,印度海军“加尔各答”号（INS Kolkata）、“苏巴德拉”号（INS Subhadra）、P-8I、HALE无人机、MARCOS特战队、印度空军C-17,水面、空中,集群、异构,防御成功,海盗以被劫船舶为“母船”，接近印度军舰时开火；海盗人数35人；武器与小艇数量未检索到。,“加尔各答”号拦截；“苏巴德拉”号、HALE无人机和P-8I提供监视；印度空军C-17空投2艘战斗小艇并投送MARCOS特战队（据Wikipedia等对桑卡尔普行动的转述，待核）；40小时胁迫后35名海盗投降。,海盗方：35人被俘；印方：无人员受伤（印度海军口径）；经济损失未检索到。,B,9.0,53.5,5,https://www.newsonair.gov.in/indian-navy-rescues-17-crew-members-of-hijacked-cargo-vessel-mv-ruen-captures-35-pirates-after-40-hour-operation
编-21,远海机动编组,2024-03-21,红海-亚丁湾,红海南部（Southern Red Sea），欧盟“阿斯皮德斯”行动护航海域,“阿尔萨斯”号“紫菀”导弹首拦反舰弹道导弹,也门胡塞武装,"法国海军 FREMM-DA 防空型护卫舰“阿尔萨斯”号（Alsace, D656），执行欧盟“阿斯皮德斯”护航任务",空中,集群,防御成功,反舰弹道导弹3枚，自也门发射，指向该舰及其护航的集装箱船所在位置。,“紫菀-30”（Aster 30）远程舰空导弹（法军通报与多数报道口径；《海军新闻》称“很可能”），“海拉克勒斯”（Herakles）多功能雷达跟踪。,法方及被护商船：无损失。胡塞：3枚反舰弹道导弹。法方消耗：至少3枚“紫菀”导弹（具体发射数未公布，待核）。,B,13.9,42.7,4,https://www.navalnews.com/?p=55406
编-22,远海机动编组,2024-04-13 至 2024-04-14,东地中海,东地中海（Eastern Mediterranean），两舰具体阵位未公开（坐标为示意）,美舰东地中海拦截伊朗弹道导弹4至6枚,伊朗（“真实承诺”行动，Operation True Promise）；美中央司令部称部分无人机自也门发射,"美国海军“阿利·伯克”级驱逐舰“卡尼”号（USS Carney, DDG-64）、“阿利·伯克”号（USS Arleigh Burke, DDG-51）；美中央司令部、欧洲司令部所属兵力；以色列本土防空体系",空中,集群、异构、饱和,防御成功,伊朗当夜共发射无人机约170架、弹道导弹约120枚、巡航导弹约30枚（德国《海洋论坛》统计）。美中央司令部称来袭无人机分别从伊朗和也门发射。,两舰具备宙斯盾弹道导弹防御能力，携带“标准-3”（SM-3）拦截弹。美高级军官称两舰共击落4—6枚弹道导弹；当时未确认所用拦截弹型号，海军部长德尔托罗随后称“周末发射了SM-3”。美中央、欧洲司令部兵力另击落80架单向攻击无人机。,美舰：无损伤报告。弹药：SM-3等拦截弹若干（数量未公开）。以色列：少数弹道导弹落地（损失详情本轮未检索）。,A,33.8,33.5,6,https://news.usni.org/2024/04/14/u-s-warships-in-eastern-mediterranean-down-iranian-ballistic-missiles
编-23,远海机动编组,2024-04-24,红海-亚丁湾,红海—亚丁湾（Red Sea / Gulf of Aden，具体海域待核）,“钻石”号33年来首次实战拦截导弹,也门胡塞武装,"英国皇家海军45型驱逐舰“钻石”号（HMS Diamond, D34），“繁荣卫士”行动；被保护对象为美籍商船“约克镇”号（MV Yorktown）",空中,单平台,防御成功,反舰弹道导弹1枚（英方、美方口径），美国中央司令部称“很可能”以美国籍、美国船东和运营的商船“约克镇”号为目标，船上有美国和希腊籍船员。,“海蝰蛇”（Sea Viper，PAAMS 主防空导弹系统，“紫菀”导弹）。,英方及“约克镇”号：无损失。胡塞：1枚反舰弹道导弹。,A,12.8,44.8,4,https://www.janes.com/defence-news/news-detail/hms-diamond-shoots-down-houthi-missile-in-red-sea
编-24,远海机动编组,2024-09-27 至 2024-11-11,红海-亚丁湾,曼德海峡（Bab el-Mandeb / Bab al-Mandab）,美舰两过曼德海峡遭混合齐射，全数拦截,也门胡塞武装,"美国海军“斯托克代尔”号（USS Stockdale, DDG-106）、“斯普鲁恩斯”号（USS Spruance, DDG-111）驱逐舰；9月27日另有濒海战斗舰“印第安纳波利斯”号（USS Indianapolis, LCS-17）",空中,异构、集群、饱和,防御成功,9月27日：导弹和无人机“近两打”（CNN口径，类型构成未见）。11月11日：单向攻击无人机至少8架、反舰弹道导弹5枚、反舰巡航导弹3枚（五角大楼）。,舰空导弹与舰炮。据库珀中将事后口述，11月11日“斯托克代尔”号以一枚“标准-6”（SM-6）拦截来袭导弹，并以127毫米（5英寸）舰炮击落一架无人机。其余拦截武器与数量未公布。,美方：无（美方口径）。胡塞：来袭弹药全部被拦截（美方口径）。,B,12.6,43.4,8,https://news.usni.org/2024/11/12/houthis-attack-two-u-s-destroyers-leaving-the-red-sea-pentagon-says
编-25,远海机动编组,2024-10-01,东地中海,东地中海（Eastern Mediterranean），两舰具体阵位未公开（坐标为示意）,两艘美驱逐舰对伊朗导弹齐射约12枚拦截弹,伊朗（伊方行动代号“真实承诺-2”）,"美国海军“阿利·伯克”级驱逐舰“巴尔克利”号（USS Bulkeley, DDG-84）、“科尔”号（USS Cole, DDG-67）；以色列本土防空体系",空中,集群、饱和,防御成功,约200枚弹道导弹（五角大楼新闻秘书赖德口径）；赖德当天表示不确定伊朗是否同时使用了无人机或巡航导弹。,两舰共发射“大约十几枚拦截弹”（赖德）；次日一名美官员向USNI证实，两舰使用了包括“标准-3”（SM-3）在内的多型武器，摧毁“少量”（a handful）伊朗导弹。,美舰：无损伤。弹药：约12枚拦截弹（含SM-3）。以色列：赖德称地面损失很小（具体伤亡本轮未检索）。,A,33.5,33.8,6,https://news.usni.org/2024/10/01/u-s-warships-fire-a-dozen-interceptions-against-iranian-missile-attack-against-israel
编-26,远海机动编组,2024-12-22,红海-亚丁湾,红海（Red Sea）,“葛底斯堡”号SM-2误击本编队F/A-18F,无（友军误击）；背景为胡塞武装对“杜鲁门”号打击群的持续袭扰,"美国海军“哈里·S·杜鲁门”号航母打击群（Harry S. Truman CSG）：提康德罗加级巡洋舰“葛底斯堡”号（USS Gettysburg, CG-64）、舰载F/A-18F“超级大黄蜂”",空中,单平台,被击沉/摧毁,“葛底斯堡”号发射“标准-2”（SM-2）舰空导弹，命中本方F/A-18F；另有一架友机险遭误击（调查结论）。,不适用（友军误击）。两名飞行员弹射逃生。,美方：F/A-18F战斗机1架（全损）；飞行员1人轻伤；SM-2导弹至少1枚。,A,16.0,40.8,7,https://news.usni.org/2024/12/21/u-s-super-hornet-shot-down-over-red-sea-in-friendly-fire-incident-aviators-safe
编-27,远海机动编组,2024-12-31 至 2025-01-02,黑海,克里米亚西端塔尔汉库特角（Cape Tarkhankut）附近海域,无人艇首次以空空导弹击落直升机,乌克兰国防部情报总局（HUR/GUR）海上无人艇单位,俄军Mi-8直升机（隶属未见公开记载）,水面、空中,单平台、异构,被击沉/摧毁,Magura V5无人艇，携R-73短程空空导弹（GUR称“海龙”SeeDragon，对地/海面发射改型）。,被击落方为直升机，未见机上对抗措施记载；Janes指出GUR未说明“SeeDragon”与苏联时期R-73的差异。,俄方：Mi-8直升机（乌方称2毁1伤；俄一航空频道称损失2架），机组人员阵亡为乌方称谓，未获独立证实。乌方：无人艇损失及导弹消耗未公布。,B,45.35,32.45,5,https://theaviationist.com/2024/12/31/ukrainian-magura-usv-r-73-vs-mi-8-helicopter/
编-28,远海机动编组,2025-01-14,波罗的海-北海,波罗的海（Baltic Sea），宣布地为赫尔辛基（Helsinki）；坐标取波罗的海中部近似值,北约以护卫舰、巡逻机与无人艇补海底防护缺口,（无直接攻击方）针对对象为海底电缆/管线损坏事件及影子船队异常航行；西方官员与专家称之为俄罗斯“混合战”的一部分，但归因未获证实,北约（秘书长吕特Mark Rutte宣布；海上司令部MARCOM指挥）；芬兰、爱沙尼亚、瑞典、德国等沿岸国,水面、空中、水下,异构、集群,防御成功,（防御态势案例，无直接攻击）背景威胁为拖锚等对海底电缆/管线的损坏，以及影子船队船舶异常航行。,既有兵力与新装备混编：护卫舰与海上巡逻机为既有兵力；新增一批小型海军无人艇（“海上无人机”），数周内划归北约海上司令部（MARCOM），对重点电缆区实行全天候监视，北约称这是首次以这种方式使用无人艇（海军上将皮埃尔·旺迪埃Pierre Vandier语）。瑞典表示最多派三艘军舰，德国总理称将参与，具体贡献视可行性而定。北约未公布参与资产数量，称出于战略优势考虑。,无（防御态势案例）。,B,58.0,20.0,7,https://www.aljazeera.com/news/2025/1/14/nato-launches-new-baltic-sea-mission-to-protect-undersea-cables
编-29,远海机动编组,2025-03-15 至 2025-05-06,红海-亚丁湾,红海（Red Sea）“杜鲁门”号航母打击群活动海域及也门上空,“粗骑手”代价：MQ-9连损，两机落海,也门胡塞武装防空力量（地空导弹，型号未公布）；胡塞对航母的导弹、无人机攻击宣称见案例“胡塞称打‘杜鲁门’号”,"美国中央司令部空中与海上力量：“哈里·S·杜鲁门”号（USS Harry S. Truman, CVN-75）航母打击群及其舰载机联队（含第136、第11攻击战斗机中队），MQ-9“死神”无人机，F-35、F-16战斗机",空中,单平台,被攻击受损,胡塞地空导弹击落MQ-9无人机、逼近F-35和F-16；对“杜鲁门”号航母打击群的导弹与无人机攻击宣称（美方称偏离目标）。,F-35机动规避来袭地空导弹；航母打击群持续出动舰载机实施打击。两架F/A-18损失均为舰上事故，不是被敌火直接击落。,美方：MQ-9至少7架（头30天，按每架约3000万美元计约2.1亿美元，本组估算）；F/A-18E 1架（4月28日，连同牵引车）、F/A-18F 1架（5月6日），报道称每架逾6500万美元；1名水兵、2名飞行员轻伤。部署期内该舰共损失3架F/A-18（含2024-12-22误击）。胡塞：中央司令部称数百人被打死（含领导层），设施损失见上。,B,17.5,40.5,11,https://theaviationist.com/2025/05/13/houthi-air-defenses-u-s-f-35s-and-f-16s/
编-30,远海机动编组,2025-03-15 至 2025-05-06,红海-亚丁湾,红海（Red Sea），“杜鲁门”号航母打击群活动海域,胡塞称打“杜鲁门”号，美方称偏离百英里,也门胡塞武装,"美国海军“哈里·S·杜鲁门”号航母打击群（USS Harry S. Truman, CVN-75）",空中,异构,防御成功,胡塞宣称以弹道导弹、巡航导弹和无人机多次攻击“杜鲁门”号（具体型号、数量为胡塞单方口径，待核）。,美方未逐次公布拦截细节；美方称胡塞导弹偏离目标“超过100英里”。,美方：未见舰艇受损的公开记录（美方口径）；装备损失见“粗骑手”行动代价案例（至少7架MQ-9被击落、2架F/A-18落海）。胡塞：中央司令部称数百人被打死（含领导层）。,B,18.5,39.5,9,https://www.timesofisrael.com/houthis-claim-attack-on-american-warships-us-scoffs-they-missed-by-over-100-miles/
编-31,远海机动编组,2025-05-02,黑海,新罗西斯克（Novorossiysk）附近海域（一架）；克里米亚上空（另一架，乌方称）,无人艇以AIM-9击落两架苏-30,乌克兰国防部情报总局（HUR/GUR）,俄军Su-30（乌方称Su-30SM，所属单位待核）,水面、空中,集群、异构,被击沉/摧毁,Magura V7无人艇3艘，其中2艘对空发射（GUR局长布达诺夫口径）；所用导弹乌方称为美制AIM-9（型号：TWZ按AIM-9M理解，USM Media称AIM-9X，未获证实）；俄军事博主Rybar称弹种为R-73。,被击落方为战斗机，公开资料未见规避/干扰记载；一架飞行员由民用船只救起（乌方称）。,俄方：2架苏-30（乌方口径，机组1人获救、另一机组据初步数据死亡）；俄官方未确认。乌方：无人艇是否损失、导弹消耗未公布（3艘V7，2艘发射）。,C,44.65,37.75,7,https://www.twz.com/news-features/two-russian-su-30-flankers-downed-by-aim-9s-fired-from-drone-boats-ukrainian-intel-boss
编-32,远海机动编组,2025-05-08,阿拉伯海-印度洋,阿拉伯海北部，卡拉奇（Karachi）近海；编组确切位置未公开（坐标为近似值）,印度航母编组前出威慑卡拉奇，实际有无打击各执一词,印度海军“维克兰特”号航母战斗群（印方口径：约36艘各类舰船，8—10艘战舰前出；来源为印度媒体引述的匿名消息）,巴基斯坦海军（巴方称以海空力量将印度航母编组“困住”）,水面、空中、水下,异构、集群,灰色地带对峙,印方称编组含“布拉莫斯”（BrahMos）导弹舰艇与潜艇（Business Today引述India Today消息，未经官方证实）；未检索到经证实的实际发射记录。,印方：“维克兰特”编组维持约300公里的防空“气泡”（国防部长拉杰纳特·辛格语），使巴方无法从卡拉奇近海发起攻击。巴方：海空力量部署于马克兰（Makran）沿岸，“随时准备击沉印度航母”（海军参谋长纳维德·阿什拉夫Naveed Ashraf语）。,未检索到经证实的海上损失；无舰艇受损记录。,C,23.5,66.0,7,https://www.businesstoday.in/amp/india/story/operation-sindoor-ins-vikrant-led-36-ship-fleet-was-in-position-to-hit-karachi-port-brahmos-equipped-warships-submarines-also-used-476196-2025-05-14
编-33,远海机动编组,2025-07-01 至 2026-09-30,红海-亚丁湾,红海、曼德海峡、亚丁湾（Red Sea / Bab el-Mandeb / Gulf of Aden）,伊朗战争期间胡塞未对海军舰艇开火,也门胡塞武装（对商船、对以色列与沙特本土）；伊朗（据USNI，企图打击美舰，地点不在本组范围）,在红海—亚丁湾活动的美国及欧盟“阿斯皮德斯”舰艇；沙特关联航运,空中、水面,异构,灰色地带对峙,对海军舰艇：本组未检索到2025年7月至2026年9月间胡塞攻击海军舰艇的公开记录。对商船（供参考，详见C2组）：导弹、无人机、无人艇；2026年7月联合海事信息中心（JMIC）称胡塞已在曼德海峡附近部署导弹和无人机。,美方声明威慑：任何美国军舰遭攻击，美方将打击一艘伊朗油轮（USNI 2026年9月11日）。欧盟海军任务建议与以色列、美国、沙特有关联的船舶避开红海和亚丁湾。,海军舰艇：本组未检索到损失记录。商船（参考）：8月货轮遇袭致3—6人死亡（口径不一）。,B,12.6,43.3,10,https://news.usni.org/2026/09/11/houthis-make-moves-on-red-sea-u-s-iran-go-tanker-for-warship
编-34,远海机动编组,2025-08-28,黑海,多瑙河口（Danube estuary/ Danube delta）水域,俄无人艇首次击中乌海军侦察船,俄罗斯军队（俄国防部口径：海上无人艇）,乌克兰海军“辛菲罗波尔”号（Simferopol）“拉古纳”（Laguna）级侦察船,水面,单平台、偷袭/突防,被击沉/摧毁,俄方称使用海上无人艇（具体型号未见公开）；俄国防部公布了接近与命中视频。,乌海军侦察船，未见反无人艇防御记载。,乌方：“辛菲罗波尔”号1艘（俄方称沉没，乌方称被击中，Dumska称倾覆）；人员：乌方称至少2人死亡、数人受伤，另有人失踪（The Insider）。俄方：无。,B,45.2,29.75,6,https://meduza.io/en/news/2025/08/28/russian-drone-hits-ukrainian-naval-ship-killing-at-least-one-and-injuring-several-others
编-35,远海机动编组,2025-09-02 至 2026-10-04,加勒比,加勒比海（Caribbean Sea）与东太平洋；“福特”号经安圭拉水道（Anegada Passage）入加勒比,美军以航母加两栖编组压境，对加勒比小艇累计打击70次、致死235人,美军（美国南方司令部SOUTHCOM，“南方之矛”联合特遣部队；“福特”号航母打击群、“硫磺岛”号两栖戒备群）,被指控贩毒的小艇（身份未经证实）；委内瑞拉政府（间接）,空中、水面,异构、饱和,被击沉/摧毁,"对小艇的空中/海上打击（具体弹药、平台在所检索资料中多未公布）。编组规模：“福特”号航母打击群载4,000余名水兵与数十架战机，会同“硫磺岛”号两栖戒备群及随编的海军陆战队远征队；AP口径显示该海域共有近十几艘美军舰船、约12,000名水兵与陆战队员（经NPR转引）。",被打击小艇无有效防御手段。委内瑞拉方面的防御与表态：所检索资料中未见详细记录。,被打击方：截至2026年10月4日，至少70次打击、至少235人死亡（《星条旗报》口径）；小艇被击沉数、所载货物未检索到。美方：所检索资料中未见损失。,B,15.0,-66.0,13,https://news.usni.org/2025/11/16/uss-gerald-r-ford-enters-caribbean-sea
编-36,远海机动编组,2026-02-25 至 2026-02-27,波罗的海-北海,瑞典马尔默（Malmö）外厄勒海峡（Öresund）；坐标为马尔默外海近似值,瑞典电子干扰压制疑似俄无人机，法国航母未受影响,疑似俄罗斯无人机，据瑞典武装部队称自俄罗斯电子侦察船“日古列夫斯克”号（Zhigulevsk）起飞；俄方否认,瑞典海军（巡逻舰）与电子对抗人员；法国海军“戴高乐”号航母及其编组,空中、电磁,单平台,防御成功,一架疑似俄罗斯无人机，自俄罗斯“日古列夫斯克”号电子侦察船起飞后接近“戴高乐”号航母；机型、任务载荷未公开。法方发言人称无人机在距航母约10公里处被发现，另有报道称约13公里（约7海里）。,瑞典海军一艘巡逻舰在例行巡逻中发现无人机，随后瑞典方面启用电子对抗手段，压制其控制链路。所用设备型号、是否缴获无人机、是否有动能拦截，检索结果均未说明。,无人员伤亡与舰艇受损报道；法方称航母作业未受干扰。无人机损失情况未检索到公开记录。,B,55.62,12.95,5,https://news.usni.org/2026/02/27/swedish-forces-jam-suspected-russian-drone-near-french-carrier-charles-de-gaulle
编-37,远海机动编组,2026-02-28 至 2026-08-25,波斯湾-霍尔木兹-阿曼湾,霍尔木兹海峡（Strait of Hormuz）分道通航制航道及阿布穆萨岛（Abu Musa）、大小通布岛（Greater and Lesser Tunb）周边海域,伊朗封海布雷与美军反封锁扫雷,伊斯兰革命卫队海军（IRGCN）：布雷船、小艇、岸基火力与通航威胁通告,过往商船与油轮；美国海军中央司令部反水雷、护航与封锁兵力,水下、水面、岸基,异构、集群,被攻击受损,水雷（美方水下无人航行器在通航分道识别出逾100枚疑似水雷）；布雷船；对商船的袭击与拦停；关闭海峡声明与“批准航线”要求。,空袭布雷船（中央司令部称击毁16艘）；打击哈尔克岛水雷储存设施；水下无人航行器探雷、扫雷；对伊朗实施海上封锁。,航运：3月油轮通行量接近零；一说6月后通航量仅恢复至战前5％—10％。被雷击或被袭船只的完整数量未检索到可靠统计。伊朗方：布雷船16艘被毁（美方称）。,B,26.57,56.25,9,https://en.wikipedia.org/wiki/2026_Strait_of_Hormuz_crisis
编-38,远海机动编组,2026-03-01 至 2026-03-25,阿拉伯海-印度洋,阿拉伯海、阿曼湾（Arabian Sea / Gulf of Oman），具体位置未公开,林肯号航母编组遭多轮打击宣称,伊朗伊斯兰革命卫队（弹道导弹、海上无人机）；伊朗陆军（岸射巡航导弹）；声明经哈塔姆·安比亚中央司令部（Khatam al-Anbiya Central Headquarters）发布,美国海军“亚伯拉罕·林肯”号（USS Abraham Lincoln）航母打击群（编组内含“斯普鲁恩斯”号驱逐舰 USS Spruance 等）,空中、水面,异构、集群,防御成功,伊朗方称：3月1日弹道导弹4枚；随后称以海上无人机在阿曼湾命中该舰；3月25日伊朗陆军称以岸射巡航导弹命中。特朗普3月24日称伊朗累计向该舰发射101枚导弹。来袭兵器具体型号待核。,编组防空拦截（拦截弹种类与数量未公开，待核）；保持远离伊朗海岸的作战海域；中央司令部发布照片与持续出动信息进行舆论反制。,美方：未报告损伤或伤亡（中央司令部、美方照片）。伊朗宣称命中、击沉或迫使撤离，均未获证实。,B,23.0,61.5,8,https://www.middleeastmonitor.com/20260301-us-denies-iranian-claim-uss-abraham-lincoln-was-struck-by-ballistic-missiles/
编-39,远海机动编组,2026-03-04,阿拉伯海-印度洋,印度洋，斯里兰卡加勒（Galle）外海约19海里国际水域,德纳号返航途中遭美潜艇鱼雷击沉,美国海军“洛杉矶”级攻击型核潜艇“夏洛特”号（USS Charlotte）,伊朗伊斯兰共和国海军护卫舰“德纳”号（IRIS Dena）,水下,单平台、偷袭/突防,被击沉/摧毁,Mk 48型重型鱼雷。美参联会主席丹·凯恩（Dan Caine）称使用1枚；另有报道称发射2枚、首枚未中（单一来源，且该来源误称“德纳”号为潜艇）。,无有效防御记录。斯里兰卡官员称该舰按演习规程返航，处于非武装状态。,伊朗：护卫舰1艘沉没；死亡87—104人（各方口径），32人获救；斯里兰卡向伊方移交84具遗骸。美方：无损失。,A,5.75,80.1,8,https://www.iranintl.com/en/202603040268
编-40,远海机动编组,2026-05-07,波斯湾-霍尔木兹-阿曼湾,霍尔木兹海峡（Strait of Hormuz）,三艘美驱逐舰过航海峡遭袭全部拦截,伊朗（伊朗国家媒体称由伊斯兰革命卫队实施；美方未公开具体部队）,"美国海军导弹驱逐舰3艘：“特鲁克斯顿”号（USS Truxtun, DDG-103）、“拉斐尔·佩拉尔塔”号（USS Rafael Peralta, DDG-115）、“梅森”号（USS Mason, DDG-87）",空中,集群,防御成功,据美中央司令部，伊朗部队向经海峡驶往阿曼湾的3艘驱逐舰发射了“多枚导弹、无人机，并出动小艇”；型号、数量未公开。,舰艇防空拦截并“消除来袭威胁”（拦截弹种类未公开）；随后对“负有责任的伊朗军事设施”实施打击。,美方：未报告损伤或伤亡。伊朗：被美方回击的军事设施损失情况未检索到公开记录。,B,26.55,56.4,11,https://www.npr.org/2026/05/07/g-s1-120978/u-s-military-intercepted-iran-attacks-navy-ships-hormuz
编-41,远海机动编组,2026-07-14,黑海,新罗西斯克（Novorossiysk）附近；卫星图显示舰在格连吉克（Gelendzhik）码头旁，击中地点与拖带关系待核,乌海军称无人艇击沉FSB边防巡逻舰,乌克兰海军（“萨尔甘-3000”无人海上系统）,俄联邦安全局（FSB）边防局“祖母绿”号（Izumrud）22460型“猎人”（Okhotnik）巡逻舰,水面,单平台、偷袭/突防,被击沉/摧毁,“萨尔甘-3000”（Sargan-3000）无人海上系统（乌海军口径）。,FSB巡逻舰（22460型，长62.5米，排水量约630—750吨，航速约27节，带直升机坪）；未见防御措施记载。,俄方：“祖母绿”号1艘（乌方称击沉，卫星图显示部分沉没）；人员伤亡数字未公布（乌方称有伤亡）。乌方：无人艇1套；人员未报告。,B,44.56,38.07,5,https://pravda.com.ua/eng/news/2026/07/14/8044054/
编-42,远海机动编组,2026-08-31 至 2026-09-05,波斯湾-霍尔木兹-阿曼湾,霍尔木兹海峡及伊朗沿岸（含拉腊克岛 Larak Island、拉万岛 Lavan Island）,停火破裂后美伊在海峡互袭升级,双向：伊朗伊斯兰革命卫队（袭击商船、弹道导弹攻击美舰）；美国中央司令部（空中打击）,商船3艘；美海军航母与导弹驱逐舰各1艘（美方未点名；伊方称航母为“乔治·华盛顿”号）；伊朗岸基雷达、反舰导弹阵地与革命卫队小艇,空中、水面、岸基,异构、集群,防御成功,伊朗：对3艘商船的袭击（手段待核）；向美航母与驱逐舰发射弹道导弹（数量待核）；宣称水雷致2艘油轮起火（美方否认）。美方：精确弹药打击80余处目标，含防空系统、指挥控制网络、岸基雷达、反舰导弹能力及60余艘革命卫队小艇；9月5日打击3艘伊朗原油运输船。,美舰机动规避弹道导弹（美方称“evaded”），无人员伤亡；对伊朗发射与支援节点实施报复打击。,伊朗：80余处目标被打击，含60余艘革命卫队小艇（美方称）；3艘原油运输船被打击（美方）；拉万岛巴斯基3人死亡（革命卫队官员）。商船：3艘被伊朗击中（伤亡待核）；2艘油轮起火（伊方称触雷，美方否认触雷说法）。美方：未报告损伤或伤亡。,B,26.86,56.36,16,https://www.foxnews.com/live-news/us-iran-news-war-trump-jordan-latest-today-august-31
航-01,海上交通线,2023-04-27 至 2025-11-19,波斯湾-霍尔木兹-阿曼湾,阿曼湾、霍尔木兹海峡（海上交通线；“塔拉拉”号在阿联酋豪尔费坎 Khor Fakkan 外约20海里处失联；坐标为示意）,伊朗以司法扣押为名连续扣押过往油轮,伊朗伊斯兰共和国海军（“优势甜蜜”号、“圣尼古拉斯”号）；伊斯兰革命卫队海军（“尼奥维”号、“塔拉拉”号）,各油轮及其船东、船员；美国第五舰队、中央司令部（监视、通报、谴责，未实施干预）,水面、空中,单平台、集群,灰色地带对峙,武装登临：小艇编队（“塔拉拉”号案3艘小艇，安布雷称）、直升机机降（“塔拉拉”号案，美中央司令部称）、身着制服头戴面罩的武装人员登船（“圣尼古拉斯”号案4—5人）；事后以“法院命令”“撞船”“燃油走私”等为由。,各船均无武装护卫，无抵抗记录。船舶失联后由英国海上贸易行动办公室（UKMTO）、安布雷（Ambrey）等发布通报。,无人员伤亡报道。“优势甜蜜”号（24名船员）、“尼奥维”号、“圣尼古拉斯”号（19名船员、14.5万吨原油）被押往伊朗（后续释放情况本轮未逐一核实）；“塔拉拉”号被扣5天，货物被卸走后获释。,A,25.4,56.7,12,https://english.alarabiya.net/News/middle-east/2023/05/07/Satellite-images-show-two-oil-tankers-seized-by-Iran-off-Bandar-Abbas
航-02,海上交通线,2023-08-04 至 2023-08-05,黑海,刻赤海峡（Kerch Strait）以南海域,海军配合的无人艇炸穿俄供油油轮,乌克兰安全局（SBU）与乌克兰海军联合（SBU消息人士口径）,俄籍化学品/成品油轮“西格”号（SIG）,水面,单平台、偷袭/突防,被攻击受损,海上无人艇及炸药；BBC乌克兰语服务援引消息人士称装药450公斤TNT。,民用油轮，无自卫手段；船体机舱区被炸穿，仍浮在水面。,俄方：“西格”号机舱区破口，受损待修（未沉）；无泄漏、无伤亡（俄方口径）。乌方：无人艇1艘；人员损失未报告。,A,44.95,36.6,5,https://novayagazeta.eu/en/articles/2023/08/05/russian-chemical-tanker-sig-attacked-in-kerch-strait-en-news
航-03,海上交通线,2023-11-19 至 2025-07-06,红海-亚丁湾,红海南部荷台达（Hodeidah）外海（后押往荷台达、萨利夫 Al Salif）,直升机机降劫持商船，船员被扣14个月,也门胡塞武装（Ansar Allah）海军/特种部队，使用直升机机降,“银河领袖”号（Galaxy Leader）：巴哈马籍汽车运输（滚装）船，运营方为马恩岛 Ray Car Carriers，与以色列船运业人士存在所有权关联；无护航,空中、水面,单平台、偷袭/突防,遭偷袭受损,直升机载武装人员对航行中商船实施空降/机降登临。胡塞次日公布视频：一架涂有也门与巴勒斯坦解放组织旗帜的直升机落于船上，武装人员跳上甲板。本轮检索未见直升机型号、人数的权威记录。,公开信息未见该船遭登临前的武装保安、预警或舰艇响应记录（未检索到公开记录）。事发时该船空载（压载）航行，无货物。,人员：25名船员（口径见上）被扣约14个月，释放时未见伤亡报告。船舶：2025-07-06被以军打击后据Maritime Executive图片报道“部分沉没”，损失程度未见独立勘验。,A,14.8,42.6,8,https://wwwcdn.imo.org/localresources/en/MediaCentre/HotTopics/Documents/Red Sea/Incidents in the Red Sea  - up to 14 March 2024.pdf
航-04,海上交通线,2023-12-23 至 2023-12-25,阿拉伯海-印度洋,阿拉伯海，韦拉瓦尔（Veraval）西南约200海里（亦有报道称距博尔本德Porbandar约217海里；坐标为近似值）,印度近海化学品船遭无人机击中，美称自伊朗发射,不明（美国国防部称无人机自伊朗发射；印度官员未指认责任方）,印度海军（派出“前线战舰”与P-8I海上巡逻机）、印度海岸警卫队（“维克拉姆”号ICGS Vikram为主力）,空中,单平台,被攻击受损,疑似一架无人机（印度海军称UAV），命中后引发爆炸与火灾，并造成该船供电中断（发电系统受损）。机型、射程未检索到。,船公司求助后，印度海军派出P-8I海上巡逻机空中勘察，并调派一艘前线战舰；海岸警卫队“维克拉姆”号（ICGS Vikram）为主力，其后护送该船驶往孟买；印方下令高层调查。,船体起火与发电系统受损，船舶后获修复并继续航行；无人员伤亡报道；经济损失未检索到。,B,20.0,67.5,5,https://www.businesstoday.in/amp/latest/world/story/israel-affiliated-merchant-vessel-carrying-20-indians-hit-by-aerial-vehicle-off-indias-coast-report-410627-2023-12-23
航-05,海上交通线,2024-02-18 至 2024-03-02,红海-亚丁湾,曼德海峡附近海域（Bab el-Mandeb）；来源对水域归属有“亚丁湾”与“红海”两种表述,反舰弹道导弹致散货船弃船沉没,也门胡塞武装（以反舰弹道导弹打击）,“鲁比马尔”号（Rubymar）：伯利兹籍、英国所有的散货船，载约2万吨化肥；无护航,空中、岸基,单平台,被击沉/摧毁,反舰弹道导弹（ASBM）。美军中央司令部称2月18日该船被一枚反舰弹道导弹击中；法国海洋污染机构 Cedre 称机舱被两枚导弹击中。,无舰载防空。船员弃船撤离（全部安全）；此后沿海无港口愿意接收拖带，船舶漂流约12天，于3月2日凌晨约2时15分沉没。,"船舶全损（沉没）；船员全部撤离，无死亡；船载约18,000至41,000吨化肥随船沉入海底（口径见上）；可能的海底光缆损伤为二手说法，未经本轮检索证实。",A,13.0,43.2,8,https://www.euronews.com/2024/03/02/ship-hit-earlier-by-yemens-houthi-rebels-sinks-in-red-sea
航-06,海上交通线,2024-03-06 至 2024-03-09,红海-亚丁湾,亚丁湾，亚丁（Aden）港外约50海里,亚丁湾弹道导弹致3死，首次商船人员遇难,也门胡塞武装（反舰弹道导弹）,“真正信心”号（True Confidence）：巴巴多斯籍、利比里亚所有的散货船，约20至21名船员及3名武装保安,空中、岸基,单平台,被攻击受损,反舰弹道导弹（CENTCOM 称一枚），自胡塞控制区发射。胡塞称船员无视其警告。,无舰载防空；起火后船员弃船，印度海军介入救援（印方称救起21名船员）。,人员：3人死亡、至少4人受伤（CENTCOM 据船员报告），遇难者国籍口径不一。船舶：严重受损并起火，船员弃船；船舶最终处置本轮检索未见记录。,A,12.2,44.5,5,https://overtdefense.com/2024/03/07/u-s-central-command-houthi-ballistic-missile-attack-on-bulk-carrier-kills-three
航-07,海上交通线,2024-03-12 至 2024-04-14,阿拉伯海-印度洋,莫加迪沙（Mogadishu）以东约550—600海里印度洋海域；坐标据“莫加迪沙以东约600海里”粗略推算，非官方坐标,孟加拉煤船远洋被劫33天，付赎金后获释,索马里海盗（约15—20名武装人员）,“阿卜杜拉”号（孟加拉国船旗）及23名船员；船东KSRM集团（航运部门SR Shipping）；未见海军强攻解救,水面,单平台、偷袭/突防,遭偷袭受损,约15—20名武装海盗登船劫持。登船方式、使用的小艇与武器型号，检索结果均未说明（未检索到公开记录）。,无有效现场防御：船员23人被扣，未见海军拦截或登船行动。获释后该船在两艘军舰护送下抵达阿联酋（舰名、国籍检索结果未显示）。船东与海盗直接谈判，最终支付赎金。,赎金约500万美元（海盗口径，船东未确认）；23名船员被扣约33天，均安全（船东口径）；船货约5.5万吨煤炭，货损情况未检索到公开记录。,B,2.0,55.3,7,https://thecitizen.co.tz/tanzania/news/africa/somali-pirates-say-hijacked-ship-mv-abdullah-released-after-payment-of-5-million-ransom--4590178
航-08,海上交通线,2024-03-23 至 2024-03-24,红海-亚丁湾,红海南部，也门穆哈（Mokha）以西约23海里,中资关联油轮“黄埔”号遭弹道导弹击中,也门胡塞武装（反舰弹道导弹）；胡塞未即时认领,“黄埔”号（Huang Pu）：中资关联成品油/原油轮，新近更名并变更船东；航往印度新芒格洛尔（New Mangalore）,空中、岸基,单平台,被攻击受损,反舰弹道导弹：CENTCOM 称胡塞连续发射4枚落在附近水域，第5枚命中船体（按 CENTCOM 口径）。,无舰载防空；船员自行扑灭火情（约30分钟），发出遇险呼叫但未请求救援，船舶继续航行。,船舶：轻微受损，小火，约30分钟扑灭；人员：无伤亡；经济损失本轮检索未见。,A,13.3,42.85,6,https://news.usni.org/2024/03/24/chinese-tanker-hit-with-houthi-missile-in-the-red-sea
航-09,海上交通线,2024-04-13,波斯湾-霍尔木兹-阿曼湾,霍尔木兹海峡附近海域（海上交通线），被扣后驶入伊朗领海（坐标为示意）,革命卫队直升机机降扣押以关联货轮白羊座号,伊朗伊斯兰革命卫队特种部队（直升机机降）,集装箱船“MSC白羊座”号（MSC Aries），由地中海航运公司（MSC）管理运营，所有权属与以色列商人埃亚勒·奥费尔（Eyal Ofer）集团有关联的Gortal Shipping；船员25人,空中、水面,单平台、偷袭/突防,灰色地带对峙,直升机（型号、架数未公开）运载特种部队，队员索降到甲板集装箱堆上，控制船舶后驶向伊朗领海。,无武装护卫，无抵抗记录。,船舶被扣；25名船员（17名印度籍）被扣押，后获释（日期待核）；船舶仍被司法扣押（报道称）。无人员伤亡报道。,A,25.9,56.6,7,https://www.nbcnews.com/news/world/iran-special-forces-seize-ship-israel-strait-hormuz-irgc-red-sea-rcna147689
航-10,海上交通线,2024-06-12 至 2024-06-18,红海-亚丁湾,红海南部（Southern Red Sea）国际水域,无人爆炸艇首次得手，散货船导师号沉没,也门胡塞武装（无人水面艇）,“导师”号（Tutor）：利比里亚籍、希腊所有的散货船；24名文职船员获救，1人失踪（美国海军）,水面、空中,异构、偷袭/突防,被击沉/摧毁,无人水面艇（USV，爆炸艇）命中船体，造成严重进水和机舱损坏；检索结果称这是胡塞首次成功使用USV。彭博称胡塞事后以爆炸物将其击沉（单一转述）。,"无舰载防御；美国海军“菲律宾海”号（USS Philippine Sea, CG 58）所属 HSM-74 直升机将24名文职船员空运至该舰。",船舶全损（沉没）；人员：24人获救，1人失踪（美国海军）/1人死亡（彭博转述）；经济：红海战争险费率升至约0.6％（彭博）。,A,14.2,42.3,7,https://www.cusnc.navy.mil/Media/News/Display/Article/3808514/us-navy-rescues-crew-from-vessel-struck-by-houthis/
航-11,海上交通线,2024-08-21 至 2024-08-26,红海-亚丁湾,红海南部、荷台达（Hodeidah）外海,15万吨原油轮被打瘫起火，未见溢油,也门胡塞武装,“苏尼昂”号（Sounion）：希腊籍原油轮，运营方为雅典 Delta Tankers，载约15万吨原油；欧盟“阿斯匹迪斯”（Aspides）行动参与监视与通报,水面、空中,异构,被攻击受损,首次攻击使油轮失去动力、船员撤离；两日后胡塞再次对已弃船的油轮实施打击，甲板至少5处起火（一说9处）。路透社称其已核实胡塞所发火攻视频真实。关于胡塞在甲板放置爆炸物一说，仅见于海事评论员 Sal Mercogliano 转述阿斯匹迪斯图像的单一说法，本轮未检索到官方确认。具体弹种、型号本轮检索未覆盖（待核）。,船员撤离；欧盟阿斯匹迪斯（Aspides）行动通报并监测火情与溢油风险，警告若发生溢油将可能是有记录以来最大的船舶溢油之一。具体救援舰艇、拖带方案本轮检索未覆盖（待核）。,船舶严重受损并长时间燃烧；人员：本轮检索未见伤亡记录（待核）；环境：至检索到的报道日未见溢油，约15万吨原油面临风险。,B,14.8,41.8,6,https://www.cyprus-mail.com/2024/08/26/greek-flagged-ship-on-fire-since-august-23-after-houthi-attack
航-12,海上交通线,2025-05-02 至 2025-05-04,其他,地中海中部，马耳他（Malta）外海约16海里国际水域（坐标为近似值）,马耳他外海援助船遭无人机击中起火，攻击方未证实,不明（“自由船队联盟”指控以色列；以方未置评，无人声称负责）,“良知”号船上12名船员与4名乘客；马耳他武装部队（AFM）巡逻艇与一艘附近拖船,空中,单平台,被攻击受损,武装无人机，“自由船队联盟”称对船首打击两次，并针对发电机，致船舶失去动力。无人机型号与数量未检索到。,马耳他船舶交通服务（VTS）接到求救并协调：距船约1海里的拖船参与灭火；马耳他武装部队巡逻艇赶往支援；约一小时后火势受控。拖船提出撤离船上人员，被拒绝。,船首起火与船体破口、失去动力；无人受伤（马耳他政府口径）。修复费用未检索到。,C,35.85,14.65,5,https://maritime-executive.com/article/activist-group-claims-drones-attacked-aid-boat-for-gaza-off-malta
航-13,海上交通线,2025-05-13 至 2025-05-14,波罗的海-北海,芬兰湾（Gulf of Finland）爱沙尼亚专属经济区；Su-35入侵点在尤明达（Juminda）附近（坐标为近似值）,爱沙尼亚拦检影子油轮，俄Su-35短暂闯入领空,（灰色地带，对峙双方）俄方：影子船队油轮“美洲豹”号（Jaguar）及其俄空军Su-35战机；爱沙尼亚方为执法/登检一方,爱沙尼亚海军/海上执法力量；爱沙尼亚国防军空中监视；北约空中警戒,水面、空中,单平台,灰色地带对峙,非攻击。俄方手段：油轮拒不应答、拒不改变航向；Su-35无飞行计划、关闭应答机、不理会无线电呼叫，进入爱沙尼亚领空。,爱沙尼亚海军试图对油轮实施检查；事发后外长向美国国务卿通报；爱沙尼亚国防军确认领空侵犯，并称其与此前海军行动是否有关“应问俄国防部”。,无人员与装备损失报道。,B,59.7,25.5,6,https://news.err.ee/1609694862/fm-russian-fighter-jet-violated-estonia-s-airspace-to-protect-shadow-fleet-vessel
航-14,海上交通线,2025-07-06 至 2025-07-13,红海-亚丁湾,红海南部，“永恒C”号位于荷台达（Hodeidah）以西约50海里,一周内连沉两艘希腊散货船，多名船员被扣,也门胡塞武装（无人水面艇、火箭弹、弹道与巡航导弹、小艇登临/扣押）,“魔法海”号（Magic Seas）与“永恒C”号（Eternity C）：均为利比里亚籍、希腊运营的散货船；“永恒C”号运营方为 Cosmoship,水面、空中,异构、集群,被击沉/摧毁,“永恒C”号：先被无人水面艇及小艇发射的火箭榴弹（UKMTO 称5枚RPG）攻击，次日凌晨再遭第二轮打击；胡塞公布的视频显示弹道导弹与巡航导弹，其一击中靠近驾驶台的货舱并留下大洞。“魔法海”号：胡塞公布了袭击与沉没视频，具体弹种本轮检索未见（待核）。,无舰载防御，无护航。“魔法海”号22名船员全部安全撤离；“永恒C”号船员被迫弃船跳海，后被救起，另有被胡塞“救起”后带走者。,两船沉没。“魔法海”号22人安全撤离；“永恒C”号至少4至5人死亡，另有数人失踪并推定死亡，10人获救，部分被胡塞扣押后获释（口径见上）。船货及经济损失本轮检索未见。,B,14.8,42.0,10,https://www.aljazeera.com/amp/news/2025/7/9/five-rescued-after-suspected-attack-by-yemens-houthis-on-red-sea-vessel
航-15,海上交通线,2025-09-29 至 2025-10-06,红海-亚丁湾,亚丁湾，亚丁（Aden）东南约128海里,亚丁湾荷兰货轮遭袭起火，1名船员死亡,也门胡塞武装（已认领）,“米内瓦格拉赫特”号（Minervagracht）：荷兰 Spliethoff 公司的货船；船员为俄罗斯、乌克兰、菲律宾、斯里兰卡籍,空中,单平台,被攻击受损,路透社称为爆炸装置（explosive device），Marine Insight 称为导弹；具体弹种本轮检索未能确定（待核）。命中后船员生活区所在上层建筑严重受损并起火。,无舰载防御；直升机将19名船员从起火船上空运撤离，一名重伤船员送至吉布提（Djibouti）医院治疗。具体救援主体（国别）本轮检索未检索到（待核）。,人员：1名菲律宾船员死亡，另有伤员；船舶：上层建筑严重受损，处置情况本轮未检索。,B,11.8,46.9,6,https://gcaptain.com/crew-member-dies-following-houthi-attack-on-dutch-cargo-ship-minervagracht/
航-16,海上交通线,2025-11-27,非洲沿岸,塞内加尔达喀尔外海大西洋（具体坐标未见，坐标为示意点）,西非达喀尔外海土籍油船遭四次爆炸,未明（见口径比对）,“梅尔辛”号（Mersin）油船，约5万吨，土耳其Besiktas公司船队,未明,偷袭/突防,被攻击受损,报道称发生四次爆炸；手段未明。一则摘要称土耳其海事机构称其被乌方无人机击中，另一则称塞内加尔当局与外媒均未说明责任方。,未见。,船体损伤、人员伤亡、货物情况均未检得；船东Besiktas宣布停止涉俄航运业务（商业后果）。,C,14.6,-17.8,3,https://www.worldports.org/ukraine-strikes-two-oil-tankers-linked-to-russia-off-turkey-possible-third-attack-in-senegal/
航-17,海上交通线,2025-11-28,黑海,"土耳其黑海沿岸专属经济区内（Turkish EEZ, Black Sea）",乌无人艇在土耳其专属经济区击伤两艘油轮,乌克兰安全局（SBU）第13总局与乌克兰海军联合（SBU口径）,油轮“凯罗斯”号（Kairos）、“维拉特”号（Virat）（受西方制裁的俄影子船队船舶）,水面,集群、偷袭/突防,被攻击受损,Sea Baby水面无人艇（SBU口径），数量未公布；两船在较短时间内先后被击中；部分转载稿提到“水下”Sea Baby，待核。,民用油轮，船员以呼救（Virat船长发出遭“无人机攻击”求救）和撤离为主；未见船载防御。,“凯罗斯”号（起火，持续至次日）与“维拉特”号受损，乌方称均“已被有效退出运营”（单方口径）；两船沉没未见报告；25名船员（“凯罗斯”号）全部撤离；经济损失：乌方称油价值近7000万美元，但Kyiv Post称事发时空载，数字待核。,B,42.0,30.5,5,https://www.click2houston.com/news/2025/11/29/ukraines-naval-drones-strike-russian-oil-tankers-in-the-black-sea-off-the-turkish-coast/
航-18,海上交通线,2025-12-01 至 2026-01-07,加勒比,委内瑞拉近海（“斯基珀”号）；北大西洋冰岛与英伦诸岛之间（“玛丽内拉”号，位置近似）；加勒比（M Sophia）,美国海岸警卫队跨洋追扣更名改旗的“玛丽内拉”号油轮,美国海岸警卫队（含“门罗”号USCGC Munro）、美国欧洲司令部（EUCOM）、美国南方司令部,被拦截油轮及其船东；俄罗斯（外交照会与军舰机动，据Meduza）；委内瑞拉政府（称为“国际海盗行径”）,水面,单平台、集群,灰色地带对峙,非动能：海岸警卫队登船队与跟踪舰艇；以联邦法院扣押令为依据（EUCOM口径）。,“贝拉1”号以改旗（巴拿马改俄）与改名规避登临；俄方向美方递交外交照会要求停止追逐，据Meduza报道俄军舰机动阻挡美方路径（单一来源，待核）。,无人员伤亡报道；被扣油轮货值与滞留成本未检索到。,B,60.0,-15.0,7,https://gcaptain.com/dual-tanker-seizures-mark-u-s-escalation-against-venezuelas-shadow-fleet/
航-19,海上交通线,2025-12-02,黑海,黑海东南部，土耳其海岸外约130公里（土耳其海事部门口径；具体坐标未见，坐标按俄—格航线推断的示意点）,土耳其外海俄籍油船遭无人机攻击,未明（本次检索摘要未见乌方认领；土耳其NTV称为自杀式无人机）,俄籍油船“米德沃尔加-2”号（Midvolga-2），船员13人,空中,单平台,被攻击受损,NTV称为“自杀式（kamikaze）无人机”，空中或水面类型、数量均未明。,未见自卫或护航报道；船员13人无恙。,船体损伤程度未披露；船员13人无恙；货物受损情况未见。,B,42.3,40.0,3,https://aljazeera.com/news/2025/12/2/russian-tanker-struck-off-turkiye-as-ukraine-targets-shadow-fleet
航-20,海上交通线,2025-12-19,东地中海,地中海中部，利比亚沿岸外、克里特岛以南（MarineTraffic：13:30 GMT位于利比亚外海；Euronews：当日上午位于克里特外海；乌方未给确切坐标，坐标为示意点）,乌称航空无人机在地中海首击影子油轮,乌克兰安全局（SBU）“阿尔法”（Alpha）特别小组（乌方称）,阿曼籍油轮“肯迪尔”号（Qendil，空载；Commons条目：IMO 9310525，2006年造，长249米；英国2025-02、欧盟2025-07制裁）,空中,偷袭/突防,被攻击受损,航空无人机（据安全部门消息人士，自上方投放弹药）；数量、型号、发射点和飞越空域均未公布。Marine Insight推测可能由附近船只放飞，属媒体推断，未获证实。,未见舰载防空、护航或船员反击的报道；空载商船单船航行。,乌方称“严重受损”（无量化数据）；货物：空载；人员伤亡：未见报道；后续搁浅12天后脱浅（Maritime Executive）。乌方无损失报道。,B,34.0,24.0,8,https://www.bairdmaritime.com/security/incidents/acts-of-war/ukraine-strikes-russian-shadow-fleet-tanker-in-first-mediterranean-raid
航-21,海上交通线,2026-02-01 至 2026-09-05,加勒比,加勒比海古巴周边及古巴—墨西哥之间海域；坐标取古巴与尤卡坦海峡之间海域，为近似值,海岸警卫队堵截古巴运油船，燃料封锁“事实成形”,美国海岸警卫队（USCG）及美国政府禁运政策；美国海军加勒比兵力构成威慑背景,驶往古巴的运油船与货船（“Ocean Mariner”号、“Grace”号等）；古巴；被扣船的运营方,水面,单平台,灰色地带对峙,海岸警卫队巡逻艇（Cutter）堵截与登临。“Ocean Mariner”号：海岸警卫队舰艇出现后改变航向离开古巴方向（报道称为观察人士判断，美方未置评）。“Grace”号：海岸警卫队舰艇拦截并派小队登船，将该船护送到墨西哥，由墨西哥海军检查人员查验。,被拦截方采取“暗舰队”规避战术（据海岸警卫队声明）：关闭或伪装识别信息，规避监管，将燃油藏于压舱舱。除此以外，被拦截船只未见武装抵抗；古巴方面的反应、俄罗斯对运油的保护措施，检索结果仅见3月30日一艘俄罗斯油轮载约10万吨原油抵达古巴（据维基百科条目摘要，待核）。,无人员伤亡、舰艇受损的报道。燃料短缺对古巴的影响有报道称持续恶化（Maritime Executive标题“Shortages Worsen”），量化数字未检索到可靠口径。,B,21.5,-85.5,11,https://maritime-executive.com/article/report-uscg-cutter-blocks-tanker-bound-for-cuba-with-vital-fuel-supply
航-22,海上交通线,2026-03-01 至 2026-05-03,波罗的海-北海,瑞典南部特雷勒堡（Trelleborg）以南波罗的海海域（“金辉”号）；其余地点待核,瑞典以伪旗为由连扣影子船队油轮，已达五起,（执法一方）瑞典海岸警卫队（Kustbevakningen）与警方；被查对象为疑似俄罗斯影子船队油轮,被登检的油轮及其船东；俄方事后表态（待核）,水面,单平台,灰色地带对峙,非攻击：被查船舶涉嫌伪旗（旗帜状态异常、不符适航要求），其中“海鸮”号（Sea Owl I，科摩罗旗）未在瑞典船舶登记册登记，自2025年10月24日起列入欧盟制裁清单。,瑞典海岸警卫队联合警方登船并控制船舶；“金辉”号船长被捕，检察官阿德里安·孔比耶-霍格（Adrien Combier-Hogg）主办，并已与其他当局和国家联系。具体登船力量、装备与过程，本次检索未取得。,无人员伤亡或装备损失报道；被查油轮的货值与滞留损失未检索到。,B,55.2,13.2,5,https://www.marinelink.com/news/swedish-coast-guard-seizes-shadow-tanker-538724
航-23,海上交通线,2026-03-03 至 2026-03-04,其他,地中海中部：“北极甲烷气”号位于马耳他以东、利诺萨岛（Linosa）约30海里处漂流；“肯迪尔”号最后已知位置在克里特岛（Crete）附近、与利比亚海岸平行（坐标为近似值）,乌克兰无人机远程袭击中地中海俄LNG船，沉没说与漂流说并存,俄方称为乌克兰海军无人艇（自利比亚海岸发射，俄交通部口径）；乌克兰未声称“北极甲烷气”号案；“肯迪尔”号案乌克兰保安局（SBU）称由其阿尔法（Alpha）部队以空中无人机击伤,“北极甲烷气”号（30名俄籍船员）；意大利海军（监视漂流船）；利比亚海上搜救机构,水面、空中,单平台、偷袭/突防,被攻击受损,"“北极甲烷气”号：俄方称乌克兰海军无人艇从利比亚海岸发射（乌方未确认）；船体左舷现一个大洞，船尾吃水较深。“肯迪尔”号：SBU称使用空中无人机（TWZ称“轰炸机无人机”），视频显示甲板数次爆炸，距乌克兰逾2,000公里。",被袭船舶无自卫手段。“北极甲烷气”号事后由意大利海军监视，意方不愿其靠港（称其为“定时炸弹”），倾向由管理方SMP Techmanagement聘请专业公司拖带至安全地点。,“北极甲烷气”号：船体破洞、控制系统损毁、两个LNG储罐受损、2名船员受伤（据报）；船舶是否损失，各方说法不一。“肯迪尔”号：SBU称“已受重创”，该船空载，无环境威胁。,C,35.7,13.2,8,https://www.aljazeera.com/news/2026/3/4/russia-accuses-ukraine-of-drone-attack-as-gas-tanker-sinks-in-mediterranean
航-24,海上交通线,2026-04-19,阿拉伯海-印度洋,阿拉伯海（Arabian Sea），具体位置未公开,美舰炮击瘫痪闯封锁伊朗货轮,美国海军驱逐舰“斯普鲁恩斯”号（USS Spruance），隶属“亚伯拉罕·林肯”号航母打击群,伊朗关联集装箱船“图斯卡”号（MV Touska）,水面,单平台,被攻击受损,Mk 45型5英寸舰炮数发，打击推进系统致其失去动力，随后扣押。,无（商船）。,“图斯卡”号推进系统受损、失去动力并被扣押；人员伤亡未检索到公开记录。,B,23.5,60.5,4,https://news.usni.org/2026/04/19/u-s-disables-seizes-iranian-container-ship-attempting-to-run-strait-of-hormuz-blockade
航-25,海上交通线,2026-05-28,黑海,土耳其黑海沿岸外海（“詹姆斯二号”在Türkeli海域以北约50海里，Tribeca口径）,无人机在土耳其外海同夜击中3艘影子船队油轮,身份未获确认（无人认领；有土耳其记者认为“维洛拉”可能遭乌无人艇攻击）,受制裁影子船队油轮“阿尔图拉”、“维洛拉”（塞拉利昂旗）、“詹姆斯二号”（帕劳旗）,水面、空中,集群,被攻击受损,无人机（媒体通称“drones”；3月26日“阿尔图拉”号遭“海上无人艇”命中）。,民用油轮；土耳其海岸警卫队舰船被派往支援；3船均空载。,3艘空载油轮受损（程度待核）；无人受重伤。乌/俄方损失：未见。,B,42.85,34.3,6,https://wtop.com/news/2026/05/drones-hit-3-shadow-fleet-oil-tankers-off-turkeys-black-sea-coast/
航-26,海上交通线,2026-07-15 至 2026-07-22,黑海,黑海（含亚速海前阶段；具体海域未逐艘公布）,无人系统部队宣布一夜打击20艘黑海船舶,乌克兰无人系统部队（Unmanned Systems Forces，指挥官罗伯特“马佳尔”·布罗维，Robert “Madyar' Brovdi）,俄籍及与俄有关的小中型油轮、气体运输船、拖船等（“影子船队”与“支线船队”）,待核,集群,被攻击受损,无人系统（具体型号与比例在检索摘要中未见；乌方称操作员刻意避免击穿油轮船体以防漏油）。,民用船舶，无自卫手段；俄方军方未评论。,俄方：乌方称20艘（首波）+12艘（7月17日）+累计159艘（亚速海与黑海），均为打击数而非沉没数；损失与毁伤程度待核，俄方未公布。乌方：未公布。,C,44.8,36.0,5,https://armyinform.com.ua/en/2026/07/15/uas-forces-strike-the-first-20-vessels-of-russia%E2%80%99s-shadow-fleet-in-the-black-sea/
航-27,海上交通线,2026-08-11 至 2026-08-12,红海-亚丁湾,曼德海峡（Bab el-Mandeb），佩林岛（Perim / Mayun）东北锚地；也门官方称在穆哈（Mokha）附近,商船遇袭后救援队再遭导弹补射,也门胡塞武装（弹道导弹）；胡塞称目标为“运载军事装备的沙特船只”,“提哈马”号（Tihamah）：埃及所有的多用途/杂货船（一说坦桑尼亚籍），锚泊中；也门国民抵抗部队（National Resistance Forces）救援队,空中、岸基,单平台、偷袭/突防,被攻击受损,也门政府称：3枚弹道导弹先命中锚泊中的“提哈马”号并引发火灾；救援队抵达后又遭第二轮打击（报道称第4枚导弹），即“补射”（double-tap）。具体型号本轮检索未检索到（待核）。,船舶锚泊、无舰载防空；也门国民抵抗部队派救援队赴援。公开信息中未见联军、沙特或美军的拦截记录。,人员：6人死亡（4名船员、2名救援人员，也门政府口径）、约10人受伤（含7名船员）；船舶：起火，损毁程度本轮检索未见（待核）。,B,12.8,43.5,10,https://www.thenationalnews.com/news/mena/2026/08/11/cargo-vessel-struck-off-yemens-coast-with-deaths-reported/
航-28,海上交通线,2026-08-27,黑海,罗马尼亚黑海专属经济区，圣格奥尔基（Sfântu Gheorghe）外约15海里（另说东南约20海里；坐标为示意点）,罗马尼亚专属经济区内乌港出口货船起火沉没,未明（罗总统：不知被谁、被何物击中；船方报称无人机）,多米尼加共和国籍（另有报道称多米尼克籍）干货船“进步四”号（PROGRESS IV），船员12人,空中,单平台,被击沉/摧毁,船方报告被无人机击中；机型、数量、来源均未公布，罗方称不知击中物。,无自卫手段；罗方事发当日雷达探测到蛇岛附近空中目标，西班牙空军F-18升空（与该船起火是否为同一目标，报道未说明）。海上救援：2艘ARSVOM搜救船约20分钟到场，商船“Mohamad B”受命协助。,船舶沉没（船价未见）；货物（糖、豌豆）灭失；船员12人获救，1人手臂受伤。经济损失无估算。,B,44.85,29.95,7,https://www.pravda.com.ua/eng/news/2026/08/28/8050724/
